time,session,label
[4.2700 - 16.1500],Ses04F_impro01_F000,xxx
[19.7800 - 25.7000],Ses04F_impro01_F001,fru
[26.8900 - 29.8200],Ses04F_impro01_F002,fru
[35.9800 - 39.3500],Ses04F_impro01_F003,fru
[40.2700 - 43.2800],Ses04F_impro01_F004,ang
[43.2800 - 50.7000],Ses04F_impro01_F005,fru
[51.1000 - 56.8300],Ses04F_impro01_F006,fru
[59.7500 - 70.7600],Ses04F_impro01_F007,fru
[74.6200 - 78.7200],Ses04F_impro01_F008,ang
[80.0666 - 87.0800],Ses04F_impro01_F009,ang
[89.8700 - 96.6500],Ses04F_impro01_F010,ang
[97.9700 - 100.3500],Ses04F_impro01_F011,fru
[112.9100 - 118.6900],Ses04F_impro01_F012,ang
[119.9500 - 122.0200],Ses04F_impro01_F013,fru
[122.0400 - 132.0700],Ses04F_impro01_F014,ang
[134.7600 - 139.0100],Ses04F_impro01_F015,xxx
[139.0300 - 143.4800],Ses04F_impro01_F016,ang
[143.4800 - 146.0900],Ses04F_impro01_F017,xxx
[147.7000 - 150.4800],Ses04F_impro01_F018,xxx
[150.5000 - 152.5400],Ses04F_impro01_F019,ang
[152.5600 - 154.5400],Ses04F_impro01_F020,xxx
[154.5400 - 158.1400],Ses04F_impro01_F021,ang
[158.1600 - 165.1300],Ses04F_impro01_F022,ang
[15.6600 - 20.5500],Ses04F_impro01_M000,fru
[25.2800 - 27.6600],Ses04F_impro01_M001,fru
[28.1300 - 35.8400],Ses04F_impro01_M002,fru
[37.9000 - 42.9400],Ses04F_impro01_M003,fru
[50.3300 - 52.9600],Ses04F_impro01_M004,fru
[54.4600 - 56.1700],Ses04F_impro01_M005,ang
[56.1881 - 60.0200],Ses04F_impro01_M006,fru
[60.0400 - 65.6400],Ses04F_impro01_M007,fru
[68.0300 - 71.4300],Ses04F_impro01_M008,ang
[71.4500 - 74.7000],Ses04F_impro01_M009,fru
[74.7000 - 76.4900],Ses04F_impro01_M010,fru
[76.5200 - 79.0800],Ses04F_impro01_M011,ang
[87.0300 - 89.8900],Ses04F_impro01_M012,xxx
[89.8900 - 91.2800],Ses04F_impro01_M013,fru
[93.3200 - 98.3000],Ses04F_impro01_M014,ang
[100.0600 - 106.5300],Ses04F_impro01_M015,fru
[106.5500 - 111.4800],Ses04F_impro01_M016,fru
[111.5000 - 115.6200],Ses04F_impro01_M017,fru
[118.3100 - 121.8900],Ses04F_impro01_M018,fru
[123.8300 - 126.4000],Ses04F_impro01_M019,xxx
[131.2800 - 139.0593],Ses04F_impro01_M020,xxx
[139.0800 - 141.8000],Ses04F_impro01_M021,ang
[145.2600 - 148.5700],Ses04F_impro01_M022,fru
[148.6900 - 151.2100],Ses04F_impro01_M023,ang
[151.2200 - 155.4700],Ses04F_impro01_M024,ang
[165.4300 - 168.5100],Ses04F_impro01_M025,xxx
[11.9500 - 15.5600],Ses04F_impro02_F000,sad
[22.1600 - 24.9200],Ses04F_impro02_F001,sad
[31.8500 - 42.0800],Ses04F_impro02_F002,sad
[67.0300 - 72.5100],Ses04F_impro02_F003,sad
[73.1200 - 78.6600],Ses04F_impro02_F004,xxx
[84.4800 - 88.4500],Ses04F_impro02_F005,sad
[91.0400 - 94.1700],Ses04F_impro02_F006,sad
[97.0497 - 104.3400],Ses04F_impro02_F007,sad
[117.9363 - 122.2900],Ses04F_impro02_F008,fru
[123.0600 - 132.5883],Ses04F_impro02_F009,sad
[133.3402 - 140.2000],Ses04F_impro02_F010,fru
[146.8100 - 149.3700],Ses04F_impro02_F011,sad
[156.4304 - 161.4000],Ses04F_impro02_F012,ang
[177.5300 - 179.6800],Ses04F_impro02_F013,fru
[187.1500 - 191.7500],Ses04F_impro02_F014,fru
[195.7800 - 201.4800],Ses04F_impro02_F015,fru
[205.0900 - 211.2800],Ses04F_impro02_F016,fru
[216.6700 - 219.3700],Ses04F_impro02_F017,ang
[219.5000 - 221.8700],Ses04F_impro02_F018,ang
[228.3100 - 233.8900],Ses04F_impro02_F019,fru
[240.0100 - 242.9900],Ses04F_impro02_F020,fru
[247.0600 - 254.4400],Ses04F_impro02_F021,xxx
[263.3900 - 266.0330],Ses04F_impro02_F022,ang
[278.6200 - 288.1200],Ses04F_impro02_F023,sad
[299.1400 - 300.6700],Ses04F_impro02_F024,sad
[7.3037 - 11.5900],Ses04F_impro02_M000,sad
[18.2300 - 22.3500],Ses04F_impro02_M001,sad
[25.8000 - 29.9400],Ses04F_impro02_M002,fru
[41.6400 - 56.1200],Ses04F_impro02_M003,fru
[57.1400 - 65.7929],Ses04F_impro02_M004,sad
[70.7500 - 72.4035],Ses04F_impro02_M005,fru
[76.6200 - 82.3900],Ses04F_impro02_M006,fru
[88.1000 - 90.7700],Ses04F_impro02_M007,xxx
[93.9300 - 96.2100],Ses04F_impro02_M008,fru
[105.1700 - 111.7000],Ses04F_impro02_M009,fru
[112.8200 - 116.8300],Ses04F_impro02_M010,fru
[140.8500 - 145.3500],Ses04F_impro02_M011,xxx
[149.3200 - 156.2600],Ses04F_impro02_M012,sad
[161.0000 - 174.8400],Ses04F_impro02_M013,fru
[174.8700 - 177.9600],Ses04F_impro02_M014,fru
[180.2100 - 186.4500],Ses04F_impro02_M015,fru
[190.8000 - 196.1800],Ses04F_impro02_M016,fru
[201.3700 - 204.5900],Ses04F_impro02_M017,fru
[204.6200 - 207.5400],Ses04F_impro02_M018,ang
[211.1600 - 216.3100],Ses04F_impro02_M019,fru
[221.4700 - 230.2800],Ses04F_impro02_M020,ang
[233.7800 - 240.4900],Ses04F_impro02_M021,ang
[242.2200 - 247.4900],Ses04F_impro02_M022,xxx
[257.3300 - 263.6800],Ses04F_impro02_M023,fru
[267.3500 - 274.1900],Ses04F_impro02_M024,sad
[275.1187 - 278.9096],Ses04F_impro02_M025,sad
[289.8700 - 299.6000],Ses04F_impro02_M026,sad
[4.6373 - 7.5400],Ses04F_impro03_F000,exc
[9.4300 - 13.6200],Ses04F_impro03_F001,exc
[18.5300 - 20.0500],Ses04F_impro03_F002,exc
[21.4900 - 25.0200],Ses04F_impro03_F003,exc
[25.8300 - 27.6331],Ses04F_impro03_F004,exc
[27.6500 - 29.2830],Ses04F_impro03_F005,exc
[30.5700 - 32.9700],Ses04F_impro03_F006,exc
[39.5400 - 50.4700],Ses04F_impro03_F007,exc
[50.5000 - 53.2800],Ses04F_impro03_F008,xxx
[53.3000 - 56.4800],Ses04F_impro03_F009,exc
[56.4800 - 65.9800],Ses04F_impro03_F010,hap
[65.9800 - 67.4270],Ses04F_impro03_F011,exc
[67.9000 - 69.8300],Ses04F_impro03_F012,hap
[74.6400 - 79.9400],Ses04F_impro03_F013,exc
[82.1300 - 85.7300],Ses04F_impro03_F014,exc
[85.7300 - 90.8900],Ses04F_impro03_F015,exc
[92.7700 - 94.4300],Ses04F_impro03_F016,exc
[94.8300 - 96.0800],Ses04F_impro03_F017,exc
[96.5100 - 103.3300],Ses04F_impro03_F018,exc
[106.2100 - 107.8900],Ses04F_impro03_F019,xxx
[108.1900 - 110.2800],Ses04F_impro03_F020,xxx
[110.5600 - 112.1800],Ses04F_impro03_F021,xxx
[113.0200 - 115.9400],Ses04F_impro03_F022,xxx
[116.5000 - 118.3000],Ses04F_impro03_F023,xxx
[123.3600 - 126.1500],Ses04F_impro03_F024,xxx
[127.9500 - 133.0300],Ses04F_impro03_F025,xxx
[134.2400 - 136.0900],Ses04F_impro03_F026,xxx
[141.3600 - 143.5100],Ses04F_impro03_F027,xxx
[143.5300 - 144.9900],Ses04F_impro03_F028,xxx
[145.0400 - 150.6400],Ses04F_impro03_F029,xxx
[150.6600 - 154.2800],Ses04F_impro03_F030,xxx
[158.3600 - 159.6800],Ses04F_impro03_F031,xxx
[159.8600 - 161.5800],Ses04F_impro03_F032,xxx
[164.1200 - 165.4200],Ses04F_impro03_F033,xxx
[165.7000 - 171.0000],Ses04F_impro03_F034,exc
[178.8300 - 182.0900],Ses04F_impro03_F035,xxx
[191.0600 - 192.1200],Ses04F_impro03_F036,exc
[192.1900 - 193.9900],Ses04F_impro03_F037,xxx
[193.9900 - 197.9600],Ses04F_impro03_F038,exc
[199.9300 - 202.4900],Ses04F_impro03_F039,xxx
[205.4600 - 206.9100],Ses04F_impro03_F040,exc
[208.9700 - 210.5900],Ses04F_impro03_F041,exc
[210.6400 - 214.6300],Ses04F_impro03_F042,exc
[216.2000 - 220.8300],Ses04F_impro03_F043,exc
[223.9100 - 226.6600],Ses04F_impro03_F044,exc
[230.6500 - 233.8048],Ses04F_impro03_F045,exc
[244.5300 - 249.0400],Ses04F_impro03_F046,xxx
[249.1500 - 251.2200],Ses04F_impro03_F047,exc
[258.5900 - 260.6500],Ses04F_impro03_F048,exc
[262.2600 - 267.5100],Ses04F_impro03_F049,xxx
[267.5900 - 273.6700],Ses04F_impro03_F050,exc
[273.6982 - 277.3952],Ses04F_impro03_F051,exc
[279.5400 - 280.9100],Ses04F_impro03_F052,exc
[7.0600 - 9.9800],Ses04F_impro03_M000,neu
[12.8900 - 19.5700],Ses04F_impro03_M001,neu
[20.0100 - 22.6000],Ses04F_impro03_M002,sur
[23.7500 - 26.2700],Ses04F_impro03_M003,exc
[26.3100 - 27.9900],Ses04F_impro03_M004,exc
[29.0300 - 30.7700],Ses04F_impro03_M005,exc
[32.6400 - 39.9700],Ses04F_impro03_M006,xxx
[55.3700 - 59.0400],Ses04F_impro03_M007,xxx
[65.6000 - 66.8600],Ses04F_impro03_M008,xxx
[67.2200 - 68.8100],Ses04F_impro03_M009,xxx
[69.5100 - 76.3600],Ses04F_impro03_M010,xxx
[76.5100 - 79.5700],Ses04F_impro03_M011,xxx
[79.6200 - 82.4300],Ses04F_impro03_M012,xxx
[82.4300 - 85.9600],Ses04F_impro03_M013,xxx
[90.6000 - 93.1700],Ses04F_impro03_M014,exc
[94.0600 - 95.2400],Ses04F_impro03_M015,xxx
[95.6300 - 96.8300],Ses04F_impro03_M016,xxx
[102.7800 - 109.3600],Ses04F_impro03_M017,xxx
[109.8900 - 111.3500],Ses04F_impro03_M018,neu
[111.4500 - 114.1200],Ses04F_impro03_M019,neu
[116.7000 - 125.4800],Ses04F_impro03_M020,neu
[125.7300 - 128.5200],Ses04F_impro03_M021,neu
[132.5800 - 134.7800],Ses04F_impro03_M022,xxx
[135.7500 - 140.3100],Ses04F_impro03_M023,fru
[140.4800 - 142.9300],Ses04F_impro03_M024,xxx
[142.9700 - 144.3500],Ses04F_impro03_M025,xxx
[144.3700 - 146.0300],Ses04F_impro03_M026,xxx
[153.8600 - 156.6400],Ses04F_impro03_M027,neu
[157.4700 - 158.6800],Ses04F_impro03_M028,neu
[159.2400 - 161.4300],Ses04F_impro03_M029,neu
[161.5058 - 164.6600],Ses04F_impro03_M030,neu
[165.1400 - 166.1200],Ses04F_impro03_M031,neu
[170.5300 - 179.1600],Ses04F_impro03_M032,neu
[180.7800 - 191.4200],Ses04F_impro03_M033,neu
[191.7900 - 195.4200],Ses04F_impro03_M034,neu
[197.6400 - 200.8000],Ses04F_impro03_M035,neu
[201.5600 - 205.7800],Ses04F_impro03_M036,exc
[205.7800 - 209.2900],Ses04F_impro03_M037,exc
[210.1300 - 213.4400],Ses04F_impro03_M038,exc
[213.4700 - 217.8900],Ses04F_impro03_M039,exc
[219.1700 - 224.0800],Ses04F_impro03_M040,exc
[224.1000 - 226.5218],Ses04F_impro03_M041,exc
[226.5218 - 231.4599],Ses04F_impro03_M042,exc
[231.4599 - 233.4700],Ses04F_impro03_M043,exc
[234.1808 - 246.2700],Ses04F_impro03_M044,xxx
[248.5900 - 250.6400],Ses04F_impro03_M045,xxx
[250.7000 - 256.4700],Ses04F_impro03_M046,xxx
[256.6100 - 262.5900],Ses04F_impro03_M047,neu
[271.5900 - 273.7900],Ses04F_impro03_M048,xxx
[276.9100 - 279.7200],Ses04F_impro03_M049,xxx
[280.5800 - 282.5646],Ses04F_impro03_M050,xxx
[11.8100 - 15.6242],Ses04F_impro04_F000,neu
[15.8500 - 25.2200],Ses04F_impro04_F001,fru
[28.2300 - 33.9952],Ses04F_impro04_F002,fru
[34.0200 - 46.0100],Ses04F_impro04_F003,fru
[58.3600 - 67.8000],Ses04F_impro04_F004,fru
[69.6100 - 74.7700],Ses04F_impro04_F005,ang
[77.2700 - 80.9300],Ses04F_impro04_F006,ang
[84.0500 - 87.5300],Ses04F_impro04_F007,fru
[90.0400 - 103.0400],Ses04F_impro04_F008,ang
[107.0400 - 110.7700],Ses04F_impro04_F009,fru
[111.4800 - 114.5800],Ses04F_impro04_F010,xxx
[114.6000 - 117.4800],Ses04F_impro04_F011,ang
[120.4504 - 125.7900],Ses04F_impro04_F012,fru
[125.8600 - 132.9400],Ses04F_impro04_F013,ang
[132.9400 - 134.9000],Ses04F_impro04_F014,ang
[134.9000 - 140.8100],Ses04F_impro04_F015,ang
[141.5400 - 143.6000],Ses04F_impro04_F016,ang
[143.6100 - 147.2500],Ses04F_impro04_F017,ang
[147.3500 - 154.2500],Ses04F_impro04_F018,ang
[158.6600 - 162.2000],Ses04F_impro04_F019,fru
[165.4800 - 169.2900],Ses04F_impro04_F020,fru
[170.2300 - 173.0700],Ses04F_impro04_F021,fru
[174.5600 - 179.7000],Ses04F_impro04_F022,fru
[181.0900 - 185.3600],Ses04F_impro04_F023,fru
[190.3000 - 197.9800],Ses04F_impro04_F024,fru
[198.5800 - 202.7100],Ses04F_impro04_F025,ang
[203.8600 - 211.3200],Ses04F_impro04_F026,fru
[214.2300 - 218.9200],Ses04F_impro04_F027,fru
[219.2800 - 223.6000],Ses04F_impro04_F028,fru
[225.2600 - 231.6300],Ses04F_impro04_F029,fru
[238.0600 - 244.2400],Ses04F_impro04_F030,ang
[245.7800 - 249.3900],Ses04F_impro04_F031,ang
[251.2100 - 259.4900],Ses04F_impro04_F032,fru
[262.7000 - 265.4300],Ses04F_impro04_F033,fru
[6.6500 - 11.0500],Ses04F_impro04_M000,xxx
[25.5100 - 28.5800],Ses04F_impro04_M001,neu
[46.2800 - 51.9500],Ses04F_impro04_M002,neu
[53.1800 - 57.6500],Ses04F_impro04_M003,neu
[58.0400 - 59.9300],Ses04F_impro04_M004,neu
[67.4400 - 69.9500],Ses04F_impro04_M005,neu
[74.4800 - 77.5500],Ses04F_impro04_M006,neu
[77.5800 - 79.5100],Ses04F_impro04_M007,neu
[79.5100 - 84.2200],Ses04F_impro04_M008,neu
[84.2300 - 91.1400],Ses04F_impro04_M009,neu
[102.9300 - 107.3100],Ses04F_impro04_M010,fru
[110.4700 - 111.7700],Ses04F_impro04_M011,xxx
[113.3600 - 115.7300],Ses04F_impro04_M012,xxx
[116.6500 - 120.4600],Ses04F_impro04_M013,neu
[125.3700 - 127.4000],Ses04F_impro04_M014,neu
[129.4200 - 132.1000],Ses04F_impro04_M015,neu
[138.2100 - 141.8800],Ses04F_impro04_M016,neu
[141.9100 - 147.7700],Ses04F_impro04_M017,neu
[153.9000 - 160.9400],Ses04F_impro04_M018,neu
[161.8500 - 166.6400],Ses04F_impro04_M019,neu
[167.4300 - 171.5400],Ses04F_impro04_M020,neu
[171.5400 - 176.8300],Ses04F_impro04_M021,neu
[177.3300 - 183.3600],Ses04F_impro04_M022,neu
[183.9200 - 190.6900],Ses04F_impro04_M023,neu
[193.6400 - 200.0000],Ses04F_impro04_M024,xxx
[200.2300 - 205.9900],Ses04F_impro04_M025,fru
[210.5600 - 215.3300],Ses04F_impro04_M026,neu
[217.7200 - 219.7100],Ses04F_impro04_M027,fru
[223.3100 - 226.1400],Ses04F_impro04_M028,neu
[231.4800 - 238.2600],Ses04F_impro04_M029,fru
[241.4000 - 244.3500],Ses04F_impro04_M030,neu
[244.3900 - 246.6500],Ses04F_impro04_M031,neu
[247.4300 - 251.3448],Ses04F_impro04_M032,xxx
[254.1300 - 256.3900],Ses04F_impro04_M033,neu
[259.0733 - 263.1100],Ses04F_impro04_M034,xxx
[7.3700 - 9.9300],Ses04F_impro05_F000,fru
[12.3900 - 14.4236],Ses04F_impro05_F001,fru
[18.2100 - 30.2200],Ses04F_impro05_F002,fru
[35.6600 - 43.1600],Ses04F_impro05_F003,fru
[43.2200 - 45.4300],Ses04F_impro05_F004,ang
[45.4300 - 48.8300],Ses04F_impro05_F005,ang
[48.8300 - 57.2500],Ses04F_impro05_F006,ang
[67.7300 - 69.7200],Ses04F_impro05_F007,sur
[72.2600 - 75.5800],Ses04F_impro05_F008,ang
[75.7800 - 98.9200],Ses04F_impro05_F009,ang
[99.8500 - 104.2100],Ses04F_impro05_F010,ang
[107.9800 - 124.5900],Ses04F_impro05_F011,ang
[127.1500 - 136.8100],Ses04F_impro05_F012,ang
[143.4900 - 149.0600],Ses04F_impro05_F013,ang
[149.1100 - 154.9800],Ses04F_impro05_F014,ang
[160.5100 - 170.1800],Ses04F_impro05_F015,ang
[170.6500 - 172.6400],Ses04F_impro05_F016,ang
[172.7100 - 178.2700],Ses04F_impro05_F017,ang
[178.7000 - 181.7400],Ses04F_impro05_F018,ang
[183.0000 - 192.2400],Ses04F_impro05_F019,ang
[3.7600 - 7.9900],Ses04F_impro05_M000,fru
[10.2400 - 13.1000],Ses04F_impro05_M001,fru
[14.2500 - 20.2200],Ses04F_impro05_M002,fru
[30.4451 - 36.7300],Ses04F_impro05_M003,fru
[41.8800 - 44.3900],Ses04F_impro05_M004,xxx
[47.1689 - 49.9300],Ses04F_impro05_M005,fru
[56.8200 - 68.1300],Ses04F_impro05_M006,fru
[70.4600 - 74.5900],Ses04F_impro05_M007,fru
[98.6700 - 101.6500],Ses04F_impro05_M008,fru
[104.0700 - 108.4300],Ses04F_impro05_M009,fru
[108.4500 - 115.7200],Ses04F_impro05_M010,fru
[115.7600 - 119.5400],Ses04F_impro05_M011,fru
[122.7600 - 124.4900],Ses04F_impro05_M012,fru
[124.4900 - 127.0400],Ses04F_impro05_M013,fru
[136.0700 - 142.1000],Ses04F_impro05_M014,fru
[142.1000 - 145.8100],Ses04F_impro05_M015,fru
[145.9100 - 153.8500],Ses04F_impro05_M016,fru
[153.8900 - 159.7600],Ses04F_impro05_M017,fru
[159.7600 - 166.2700],Ses04F_impro05_M018,fru
[166.6000 - 169.3800],Ses04F_impro05_M019,fru
[169.7300 - 171.0300],Ses04F_impro05_M020,fru
[172.3100 - 176.5100],Ses04F_impro05_M021,fru
[176.5300 - 178.9200],Ses04F_impro05_M022,fru
[180.8300 - 183.7900],Ses04F_impro05_M023,fru
[190.9900 - 195.1500],Ses04F_impro05_M024,fru
[23.3151 - 25.3300],Ses04F_impro06_F000,sad
[55.0700 - 67.0700],Ses04F_impro06_F001,sad
[77.8679 - 100.0500],Ses04F_impro06_F002,sad
[111.4400 - 113.3900],Ses04F_impro06_F003,sad
[122.8600 - 138.7700],Ses04F_impro06_F004,sad
[138.9000 - 154.1900],Ses04F_impro06_F005,sad
[156.9900 - 159.9400],Ses04F_impro06_F006,sad
[184.4700 - 187.3903],Ses04F_impro06_F007,sad
[197.9400 - 206.1200],Ses04F_impro06_F008,hap
[206.7500 - 209.8000],Ses04F_impro06_F009,hap
[223.6300 - 225.4900],Ses04F_impro06_F010,sad
[11.4830 - 23.4953],Ses04F_impro06_M000,sad
[30.9000 - 55.2600],Ses04F_impro06_M001,sad
[66.9200 - 75.8044],Ses04F_impro06_M002,sad
[100.4300 - 102.0800],Ses04F_impro06_M003,sad
[102.6700 - 109.4300],Ses04F_impro06_M004,neu
[109.4300 - 113.4500],Ses04F_impro06_M005,sad
[113.4500 - 117.6100],Ses04F_impro06_M006,neu
[117.7100 - 124.6600],Ses04F_impro06_M007,neu
[154.5700 - 156.8900],Ses04F_impro06_M008,sad
[160.2640 - 172.4400],Ses04F_impro06_M009,sad
[176.0400 - 178.3600],Ses04F_impro06_M010,sad
[191.1400 - 198.3800],Ses04F_impro06_M011,sad
[205.6900 - 206.9300],Ses04F_impro06_M012,neu
[208.2700 - 223.4500],Ses04F_impro06_M013,sad
[225.3100 - 227.0800],Ses04F_impro06_M014,sad
[4.8400 - 6.9700],Ses04F_impro07_F000,exc
[7.6200 - 9.6800],Ses04F_impro07_F001,exc
[10.0500 - 11.6700],Ses04F_impro07_F002,exc
[12.1800 - 13.6200],Ses04F_impro07_F003,exc
[16.1639 - 18.9560],Ses04F_impro07_F004,exc
[19.7400 - 24.3300],Ses04F_impro07_F005,exc
[24.3800 - 26.8200],Ses04F_impro07_F006,exc
[32.3700 - 35.3588],Ses04F_impro07_F007,exc
[35.3700 - 37.6600],Ses04F_impro07_F008,exc
[39.1200 - 41.5000],Ses04F_impro07_F009,exc
[43.4300 - 47.8000],Ses04F_impro07_F010,exc
[48.0500 - 49.8700],Ses04F_impro07_F011,exc
[50.5200 - 54.4700],Ses04F_impro07_F012,exc
[54.5400 - 57.0000],Ses04F_impro07_F013,exc
[58.6800 - 64.3500],Ses04F_impro07_F014,exc
[66.2900 - 68.7900],Ses04F_impro07_F015,exc
[68.8100 - 73.3700],Ses04F_impro07_F016,exc
[74.7300 - 77.5700],Ses04F_impro07_F017,exc
[78.4253 - 82.6400],Ses04F_impro07_F018,exc
[83.1500 - 84.1900],Ses04F_impro07_F019,xxx
[84.9400 - 91.4400],Ses04F_impro07_F020,xxx
[97.9000 - 102.1000],Ses04F_impro07_F021,exc
[102.5800 - 106.0339],Ses04F_impro07_F022,exc
[108.4600 - 109.7900],Ses04F_impro07_F023,xxx
[110.3900 - 117.0400],Ses04F_impro07_F024,exc
[117.6200 - 119.3500],Ses04F_impro07_F025,xxx
[119.5700 - 122.6600],Ses04F_impro07_F026,xxx
[122.9000 - 124.9900],Ses04F_impro07_F027,exc
[125.0200 - 127.3200],Ses04F_impro07_F028,exc
[127.8000 - 130.4200],Ses04F_impro07_F029,exc
[133.2800 - 137.9000],Ses04F_impro07_F030,exc
[139.1500 - 141.4600],Ses04F_impro07_F031,exc
[141.5100 - 143.6100],Ses04F_impro07_F032,exc
[144.9200 - 146.3900],Ses04F_impro07_F033,exc
[150.2800 - 153.6200],Ses04F_impro07_F034,xxx
[164.2600 - 166.5400],Ses04F_impro07_F035,exc
[181.0700 - 182.1200],Ses04F_impro07_F036,exc
[182.2200 - 185.8300],Ses04F_impro07_F037,xxx
[186.9500 - 189.6600],Ses04F_impro07_F038,exc
[192.1600 - 195.3100],Ses04F_impro07_F039,exc
[199.6800 - 202.6500],Ses04F_impro07_F040,exc
[204.5400 - 207.2100],Ses04F_impro07_F041,exc
[208.5300 - 210.0200],Ses04F_impro07_F042,exc
[210.6100 - 213.0200],Ses04F_impro07_F043,xxx
[220.6800 - 222.1300],Ses04F_impro07_F044,exc
[222.4700 - 228.0800],Ses04F_impro07_F045,xxx
[231.7500 - 233.8700],Ses04F_impro07_F046,xxx
[239.8700 - 241.3200],Ses04F_impro07_F047,exc
[242.9500 - 247.0600],Ses04F_impro07_F048,exc
[249.8300 - 255.8700],Ses04F_impro07_F049,exc
[255.9300 - 258.3800],Ses04F_impro07_F050,exc
[259.3100 - 262.9500],Ses04F_impro07_F051,exc
[264.1200 - 266.7500],Ses04F_impro07_F052,exc
[273.2300 - 276.7600],Ses04F_impro07_F053,xxx
[277.0000 - 278.1800],Ses04F_impro07_F054,xxx
[278.5200 - 281.1400],Ses04F_impro07_F055,xxx
[283.9300 - 285.8700],Ses04F_impro07_F056,xxx
[285.8900 - 291.0600],Ses04F_impro07_F057,xxx
[295.8800 - 301.1900],Ses04F_impro07_F058,exc
[302.8200 - 304.6000],Ses04F_impro07_F059,exc
[305.3600 - 306.6000],Ses04F_impro07_F060,exc
[307.3200 - 309.1200],Ses04F_impro07_F061,exc
[309.4300 - 310.8300],Ses04F_impro07_F062,exc
[311.6600 - 314.2900],Ses04F_impro07_F063,exc
[314.4017 - 316.2543],Ses04F_impro07_F064,exc
[316.5800 - 317.7200],Ses04F_impro07_F065,exc
[318.7400 - 328.3900],Ses04F_impro07_F066,exc
[329.0300 - 331.4000],Ses04F_impro07_F067,xxx
[331.4600 - 333.6600],Ses04F_impro07_F068,xxx
[334.4100 - 335.9200],Ses04F_impro07_F069,xxx
[337.4300 - 340.9400],Ses04F_impro07_F070,exc
[346.3200 - 350.5300],Ses04F_impro07_F071,xxx
[354.7000 - 358.9700],Ses04F_impro07_F072,xxx
[359.0000 - 364.7900],Ses04F_impro07_F073,xxx
[366.8700 - 377.0500],Ses04F_impro07_F074,exc
[389.3500 - 390.9600],Ses04F_impro07_F075,xxx
[391.3200 - 394.4100],Ses04F_impro07_F076,xxx
[397.7400 - 399.5900],Ses04F_impro07_F077,xxx
[399.6100 - 402.6700],Ses04F_impro07_F078,exc
[403.4100 - 404.5400],Ses04F_impro07_F079,exc
[2.4100 - 5.2800],Ses04F_impro07_M000,neu
[6.6200 - 7.9800],Ses04F_impro07_M001,exc
[9.3100 - 10.4500],Ses04F_impro07_M002,sur
[11.2400 - 12.4900],Ses04F_impro07_M003,sur
[13.0900 - 18.4400],Ses04F_impro07_M004,xxx
[18.6900 - 21.4000],Ses04F_impro07_M005,exc
[22.9900 - 25.8400],Ses04F_impro07_M006,exc
[26.4800 - 32.5200],Ses04F_impro07_M007,xxx
[37.9500 - 40.6200],Ses04F_impro07_M008,xxx
[40.8500 - 45.6000],Ses04F_impro07_M009,neu
[45.7000 - 49.0900],Ses04F_impro07_M010,xxx
[49.2900 - 51.7000],Ses04F_impro07_M011,xxx
[51.8600 - 54.4300],Ses04F_impro07_M012,xxx
[55.8300 - 59.1800],Ses04F_impro07_M013,neu
[63.9900 - 67.1300],Ses04F_impro07_M014,xxx
[67.1600 - 69.0600],Ses04F_impro07_M015,xxx
[69.2100 - 71.3200],Ses04F_impro07_M016,neu
[71.6700 - 75.2000],Ses04F_impro07_M017,neu
[76.5200 - 78.2700],Ses04F_impro07_M018,neu
[82.2200 - 83.8600],Ses04F_impro07_M019,neu
[83.8900 - 85.3300],Ses04F_impro07_M020,neu
[90.3600 - 98.6100],Ses04F_impro07_M021,neu
[101.4700 - 103.2400],Ses04F_impro07_M022,neu
[103.2700 - 104.8400],Ses04F_impro07_M023,neu
[105.6300 - 108.8400],Ses04F_impro07_M024,xxx
[109.2613 - 111.9700],Ses04F_impro07_M025,xxx
[114.5300 - 120.7200],Ses04F_impro07_M026,neu
[122.2300 - 123.2400],Ses04F_impro07_M027,xxx
[124.3100 - 125.3500],Ses04F_impro07_M028,exc
[127.2500 - 128.7100],Ses04F_impro07_M029,xxx
[130.0700 - 134.0800],Ses04F_impro07_M030,xxx
[135.0500 - 137.8400],Ses04F_impro07_M031,neu
[137.8732 - 140.6900],Ses04F_impro07_M032,neu
[140.7500 - 141.7900],Ses04F_impro07_M033,neu
[141.8100 - 146.2900],Ses04F_impro07_M034,exc
[146.3800 - 150.8900],Ses04F_impro07_M035,neu
[153.2500 - 157.6043],Ses04F_impro07_M036,exc
[157.6200 - 165.9200],Ses04F_impro07_M037,exc
[166.4300 - 172.8800],Ses04F_impro07_M038,exc
[172.9300 - 181.7800],Ses04F_impro07_M039,exc
[181.8300 - 183.2200],Ses04F_impro07_M040,exc
[185.3300 - 187.4500],Ses04F_impro07_M041,exc
[189.3600 - 192.4200],Ses04F_impro07_M042,exc
[193.5600 - 200.9000],Ses04F_impro07_M043,exc
[202.2500 - 204.9700],Ses04F_impro07_M044,neu
[205.5500 - 208.6900],Ses04F_impro07_M045,exc
[208.9800 - 211.3400],Ses04F_impro07_M046,exc
[212.2200 - 218.1100],Ses04F_impro07_M047,xxx
[218.1500 - 223.3000],Ses04F_impro07_M048,xxx
[227.6100 - 232.2700],Ses04F_impro07_M049,exc
[233.3800 - 240.3700],Ses04F_impro07_M050,exc
[240.4600 - 243.7500],Ses04F_impro07_M051,neu
[246.6200 - 250.1600],Ses04F_impro07_M052,xxx
[258.2700 - 259.6000],Ses04F_impro07_M053,xxx
[262.5800 - 264.9500],Ses04F_impro07_M054,xxx
[266.4000 - 273.5800],Ses04F_impro07_M055,xxx
[274.3700 - 277.2593],Ses04F_impro07_M056,xxx
[277.7600 - 279.3000],Ses04F_impro07_M057,neu
[280.3200 - 284.3900],Ses04F_impro07_M058,neu
[284.9200 - 287.7000],Ses04F_impro07_M059,neu
[288.7500 - 290.9500],Ses04F_impro07_M060,neu
[291.0026 - 296.6700],Ses04F_impro07_M061,neu
[300.3600 - 303.1300],Ses04F_impro07_M062,neu
[304.3200 - 305.5500],Ses04F_impro07_M063,neu
[306.2300 - 307.7200],Ses04F_impro07_M064,neu
[308.8100 - 309.9500],Ses04F_impro07_M065,xxx
[310.4500 - 312.0500],Ses04F_impro07_M066,neu
[312.4000 - 314.4400],Ses04F_impro07_M067,neu
[314.6800 - 316.1000],Ses04F_impro07_M068,xxx
[316.1500 - 317.1300],Ses04F_impro07_M069,xxx
[317.6239 - 318.9403],Ses04F_impro07_M070,exc
[326.2300 - 331.6500],Ses04F_impro07_M071,neu
[331.9200 - 334.7600],Ses04F_impro07_M072,neu
[336.4200 - 337.6400],Ses04F_impro07_M073,neu
[337.6681 - 342.2545],Ses04F_impro07_M074,xxx
[342.3000 - 346.7900],Ses04F_impro07_M075,xxx
[346.8100 - 350.6600],Ses04F_impro07_M076,neu
[350.7300 - 355.5400],Ses04F_impro07_M077,neu
[356.0600 - 359.0500],Ses04F_impro07_M078,xxx
[362.7000 - 367.6000],Ses04F_impro07_M079,neu
[375.6000 - 384.0100],Ses04F_impro07_M080,neu
[384.0300 - 389.7400],Ses04F_impro07_M081,xxx
[390.5600 - 393.1100],Ses04F_impro07_M082,neu
[394.7600 - 399.7200],Ses04F_impro07_M083,xxx
[400.0300 - 401.9200],Ses04F_impro07_M084,xxx
[402.1000 - 404.3400],Ses04F_impro07_M085,xxx
[404.3700 - 407.0480],Ses04F_impro07_M086,xxx
[6.4500 - 10.3500],Ses04F_impro08_F000,hap
[32.1700 - 38.4700],Ses04F_impro08_F001,neu
[51.3600 - 53.7400],Ses04F_impro08_F002,neu
[55.1300 - 57.8400],Ses04F_impro08_F003,fru
[59.4500 - 65.4122],Ses04F_impro08_F004,neu
[66.9000 - 71.5113],Ses04F_impro08_F005,neu
[77.8700 - 80.8200],Ses04F_impro08_F006,neu
[90.8100 - 95.3100],Ses04F_impro08_F007,fru
[104.3600 - 118.3300],Ses04F_impro08_F008,neu
[124.0200 - 131.5200],Ses04F_impro08_F009,neu
[155.2300 - 158.5800],Ses04F_impro08_F010,fru
[163.1900 - 172.0100],Ses04F_impro08_F011,xxx
[176.2200 - 179.3800],Ses04F_impro08_F012,fru
[179.6400 - 180.9500],Ses04F_impro08_F013,fru
[181.8900 - 189.5000],Ses04F_impro08_F014,fru
[189.9300 - 191.6340],Ses04F_impro08_F015,fru
[193.4274 - 195.4900],Ses04F_impro08_F016,xxx
[197.3100 - 200.9900],Ses04F_impro08_F017,fru
[205.4000 - 208.9100],Ses04F_impro08_F018,fru
[209.2500 - 212.3346],Ses04F_impro08_F019,fru
[212.3800 - 214.9200],Ses04F_impro08_F020,fru
[225.8100 - 232.1200],Ses04F_impro08_F021,xxx
[232.4200 - 233.9800],Ses04F_impro08_F022,xxx
[236.3400 - 238.7300],Ses04F_impro08_F023,ang
[242.9200 - 247.3900],Ses04F_impro08_F024,fru
[247.6300 - 249.9100],Ses04F_impro08_F025,fru
[9.8300 - 19.9800],Ses04F_impro08_M000,fru
[20.0100 - 25.6600],Ses04F_impro08_M001,neu
[25.6600 - 34.3900],Ses04F_impro08_M002,fru
[36.6900 - 45.0300],Ses04F_impro08_M003,fru
[45.0300 - 53.6700],Ses04F_impro08_M004,xxx
[53.6900 - 59.6500],Ses04F_impro08_M005,fru
[64.8681 - 67.2000],Ses04F_impro08_M006,xxx
[71.6247 - 77.8300],Ses04F_impro08_M007,fru
[77.8429 - 79.9900],Ses04F_impro08_M008,fru
[79.9900 - 87.1600],Ses04F_impro08_M009,xxx
[87.1900 - 92.0900],Ses04F_impro08_M010,xxx
[94.7800 - 104.7500],Ses04F_impro08_M011,xxx
[118.4400 - 124.4200],Ses04F_impro08_M012,neu
[129.4500 - 138.0900],Ses04F_impro08_M013,ang
[138.1200 - 144.3546],Ses04F_impro08_M014,ang
[144.3800 - 155.9300],Ses04F_impro08_M015,ang
[157.0600 - 163.6400],Ses04F_impro08_M016,ang
[168.2100 - 172.1000],Ses04F_impro08_M017,ang
[172.1000 - 174.9800],Ses04F_impro08_M018,ang
[175.0000 - 182.3800],Ses04F_impro08_M019,ang
[188.4700 - 189.8882],Ses04F_impro08_M020,fru
[192.0421 - 193.2402],Ses04F_impro08_M021,xxx
[194.3400 - 197.2900],Ses04F_impro08_M022,ang
[199.0800 - 205.6400],Ses04F_impro08_M023,ang
[205.6400 - 209.5700],Ses04F_impro08_M024,ang
[212.3573 - 215.8800],Ses04F_impro08_M025,fru
[215.8800 - 219.7400],Ses04F_impro08_M026,fru
[219.7715 - 226.0600],Ses04F_impro08_M027,fru
[226.0800 - 229.7100],Ses04F_impro08_M028,fru
[229.8600 - 238.7700],Ses04F_impro08_M029,fru
[238.8100 - 243.2100],Ses04F_impro08_M030,fru
[247.0900 - 247.9500],Ses04F_impro08_M031,xxx
[7.6900 - 12.6900],Ses04F_script01_1_F000,xxx
[13.7264 - 18.0317],Ses04F_script01_1_F001,sur
[20.2100 - 21.6400],Ses04F_script01_1_F002,xxx
[28.1619 - 31.6500],Ses04F_script01_1_F003,xxx
[37.1000 - 39.4600],Ses04F_script01_1_F004,sad
[43.8300 - 46.2600],Ses04F_script01_1_F005,xxx
[49.5800 - 58.4511],Ses04F_script01_1_F006,fru
[60.2700 - 63.5161],Ses04F_script01_1_F007,xxx
[63.8201 - 65.7800],Ses04F_script01_1_F008,xxx
[71.5696 - 73.3931],Ses04F_script01_1_F009,sur
[77.3200 - 79.6738],Ses04F_script01_1_F010,xxx
[85.2800 - 87.6200],Ses04F_script01_1_F011,ang
[103.2400 - 105.0100],Ses04F_script01_1_F012,ang
[105.6400 - 108.7000],Ses04F_script01_1_F013,ang
[112.6900 - 120.9400],Ses04F_script01_1_F014,ang
[122.1900 - 128.6700],Ses04F_script01_1_F015,ang
[133.3500 - 135.1300],Ses04F_script01_1_F016,xxx
[136.6400 - 141.8730],Ses04F_script01_1_F017,xxx
[144.1523 - 146.8500],Ses04F_script01_1_F018,neu
[148.3700 - 152.0200],Ses04F_script01_1_F019,ang
[153.5733 - 156.6200],Ses04F_script01_1_F020,xxx
[157.9293 - 160.3600],Ses04F_script01_1_F021,fru
[170.0200 - 174.4921],Ses04F_script01_1_F022,ang
[176.0500 - 181.5832],Ses04F_script01_1_F023,ang
[181.6339 - 190.3500],Ses04F_script01_1_F024,ang
[200.7300 - 204.2600],Ses04F_script01_1_F025,neu
[205.1500 - 207.8710],Ses04F_script01_1_F026,xxx
[209.7600 - 214.5400],Ses04F_script01_1_F027,fru
[224.3600 - 227.3500],Ses04F_script01_1_F028,fru
[228.1300 - 230.8000],Ses04F_script01_1_F029,ang
[231.6000 - 239.8824],Ses04F_script01_1_F030,ang
[254.0200 - 260.9100],Ses04F_script01_1_F031,fru
[261.0038 - 268.9500],Ses04F_script01_1_F032,ang
[270.3742 - 272.8000],Ses04F_script01_1_F033,xxx
[286.3292 - 287.9800],Ses04F_script01_1_F034,xxx
[290.7700 - 293.3190],Ses04F_script01_1_F035,ang
[296.4600 - 299.8900],Ses04F_script01_1_F036,ang
[300.7700 - 303.2100],Ses04F_script01_1_F037,ang
[318.5431 - 324.8400],Ses04F_script01_1_F038,fru
[327.2044 - 330.8006],Ses04F_script01_1_F039,xxx
[334.1100 - 338.5200],Ses04F_script01_1_F040,ang
[338.6200 - 343.9900],Ses04F_script01_1_F041,ang
[346.2998 - 350.0000],Ses04F_script01_1_F042,ang
[352.0800 - 355.1130],Ses04F_script01_1_F043,xxx
[357.7975 - 361.3700],Ses04F_script01_1_F044,ang
[12.2738 - 14.0809],Ses04F_script01_1_M000,neu
[17.4239 - 20.5800],Ses04F_script01_1_M001,xxx
[21.1400 - 28.8203],Ses04F_script01_1_M002,xxx
[31.1800 - 36.6000],Ses04F_script01_1_M003,xxx
[38.8900 - 43.4300],Ses04F_script01_1_M004,sad
[46.4600 - 49.9924],Ses04F_script01_1_M005,sad
[58.0600 - 60.1100],Ses04F_script01_1_M006,xxx
[65.0400 - 71.8735],Ses04F_script01_1_M007,fru
[72.8866 - 77.7997],Ses04F_script01_1_M008,fru
[79.1700 - 85.6400],Ses04F_script01_1_M009,ang
[87.2200 - 92.5400],Ses04F_script01_1_M010,ang
[93.2600 - 103.9500],Ses04F_script01_1_M011,xxx
[104.3100 - 106.2000],Ses04F_script01_1_M012,ang
[108.0900 - 113.4800],Ses04F_script01_1_M013,ang
[120.2400 - 122.8100],Ses04F_script01_1_M014,fru
[127.5600 - 133.8300],Ses04F_script01_1_M015,fru
[134.8500 - 136.9599],Ses04F_script01_1_M016,neu
[141.3158 - 144.5575],Ses04F_script01_1_M017,neu
[146.2600 - 148.9300],Ses04F_script01_1_M018,fru
[151.3300 - 154.0798],Ses04F_script01_1_M019,fru
[155.2900 - 158.4000],Ses04F_script01_1_M020,ang
[160.0800 - 166.3880],Ses04F_script01_1_M021,ang
[166.4300 - 170.4700],Ses04F_script01_1_M022,ang
[174.0363 - 176.6195],Ses04F_script01_1_M023,fru
[190.2900 - 201.5100],Ses04F_script01_1_M024,fru
[203.2000 - 205.6930],Ses04F_script01_1_M025,ang
[207.4200 - 210.3529],Ses04F_script01_1_M026,sad
[214.1800 - 220.1300],Ses04F_script01_1_M027,fru
[220.1792 - 224.5700],Ses04F_script01_1_M028,ang
[226.6600 - 228.9200],Ses04F_script01_1_M029,ang
[230.3000 - 232.0200],Ses04F_script01_1_M030,ang
[239.7304 - 247.1200],Ses04F_script01_1_M031,xxx
[247.3787 - 254.6400],Ses04F_script01_1_M032,sad
[268.5600 - 270.8807],Ses04F_script01_1_M033,xxx
[271.9300 - 278.0668],Ses04F_script01_1_M034,ang
[278.1000 - 285.8733],Ses04F_script01_1_M035,fru
[287.6100 - 291.3100],Ses04F_script01_1_M036,xxx
[292.6300 - 296.8900],Ses04F_script01_1_M037,xxx
[298.9100 - 301.5400],Ses04F_script01_1_M038,ang
[302.1900 - 308.8600],Ses04F_script01_1_M039,fru
[308.8900 - 319.3535],Ses04F_script01_1_M040,fru
[324.4200 - 327.6500],Ses04F_script01_1_M041,xxx
[330.1928 - 333.8400],Ses04F_script01_1_M042,fru
[343.4633 - 347.1102],Ses04F_script01_1_M043,fru
[349.2000 - 351.5675],Ses04F_script01_1_M044,xxx
[354.7078 - 358.2534],Ses04F_script01_1_M045,xxx
[7.3127 - 9.8942],Ses04F_script01_2_F000,ang
[10.9200 - 13.9620],Ses04F_script01_2_F001,ang
[16.9400 - 20.9300],Ses04F_script01_2_F002,fru
[31.0000 - 34.2200],Ses04F_script01_2_F003,xxx
[35.6300 - 38.7204],Ses04F_script01_2_F004,xxx
[40.5402 - 43.7100],Ses04F_script01_2_F005,ang
[45.2000 - 48.3900],Ses04F_script01_2_F006,ang
[56.9500 - 60.6600],Ses04F_script01_2_F007,ang
[61.5000 - 66.7820],Ses04F_script01_2_F008,ang
[66.7973 - 71.4500],Ses04F_script01_2_F009,ang
[72.1300 - 77.7008],Ses04F_script01_2_F010,ang
[77.7161 - 82.9155],Ses04F_script01_2_F011,fru
[85.4300 - 92.9600],Ses04F_script01_2_F012,fru
[93.4600 - 101.7200],Ses04F_script01_2_F013,xxx
[102.5357 - 105.8500],Ses04F_script01_2_F014,fru
[106.0376 - 111.8200],Ses04F_script01_2_F015,xxx
[111.8487 - 120.6100],Ses04F_script01_2_F016,ang
[121.4371 - 124.6800],Ses04F_script01_2_F017,fru
[125.5600 - 130.5500],Ses04F_script01_2_F018,fru
[132.1800 - 135.0200],Ses04F_script01_2_F019,fru
[135.7300 - 138.1600],Ses04F_script01_2_F020,fru
[141.9000 - 145.1403],Ses04F_script01_2_F021,fru
[9.4900 - 11.5305],Ses04F_script01_2_M000,neu
[13.6900 - 17.5600],Ses04F_script01_2_M001,neu
[20.4000 - 27.0370],Ses04F_script01_2_M002,xxx
[27.2600 - 31.8800],Ses04F_script01_2_M003,xxx
[33.5100 - 36.2900],Ses04F_script01_2_M004,neu
[38.1087 - 41.7177],Ses04F_script01_2_M005,xxx
[43.3600 - 45.3200],Ses04F_script01_2_M006,fru
[47.6359 - 57.5912],Ses04F_script01_2_M007,neu
[59.8500 - 62.1900],Ses04F_script01_2_M008,neu
[71.0100 - 72.5600],Ses04F_script01_2_M009,fru
[82.4200 - 85.8800],Ses04F_script01_2_M010,fru
[92.2300 - 93.9000],Ses04F_script01_2_M011,fru
[101.4000 - 103.1779],Ses04F_script01_2_M012,fru
[120.2700 - 121.8100],Ses04F_script01_2_M013,fru
[124.0700 - 126.0248],Ses04F_script01_2_M014,fru
[129.8200 - 132.6200],Ses04F_script01_2_M015,fru
[134.0700 - 136.1700],Ses04F_script01_2_M016,fru
[136.8600 - 142.5000],Ses04F_script01_2_M017,ang
[143.8711 - 151.6842],Ses04F_script01_2_M018,fru
[4.3400 - 7.7800],Ses04F_script01_3_F000,xxx
[9.7600 - 12.6500],Ses04F_script01_3_F001,xxx
[12.8400 - 17.7200],Ses04F_script01_3_F002,xxx
[19.3500 - 24.8800],Ses04F_script01_3_F003,xxx
[25.4981 - 29.2800],Ses04F_script01_3_F004,xxx
[29.6600 - 33.2000],Ses04F_script01_3_F005,xxx
[33.3600 - 37.8300],Ses04F_script01_3_F006,xxx
[44.3200 - 47.8900],Ses04F_script01_3_F007,xxx
[48.5400 - 52.0700],Ses04F_script01_3_F008,xxx
[59.6700 - 62.6615],Ses04F_script01_3_F009,hap
[99.8300 - 103.9400],Ses04F_script01_3_F010,hap
[106.4457 - 109.8743],Ses04F_script01_3_F011,xxx
[110.8202 - 113.4700],Ses04F_script01_3_F012,hap
[114.7100 - 117.2700],Ses04F_script01_3_F013,hap
[119.9800 - 128.5940],Ses04F_script01_3_F014,hap
[138.3300 - 145.8400],Ses04F_script01_3_F015,hap
[148.1018 - 151.0969],Ses04F_script01_3_F016,xxx
[151.8700 - 157.3237],Ses04F_script01_3_F017,xxx
[157.4813 - 160.8311],Ses04F_script01_3_F018,xxx
[162.6100 - 166.2303],Ses04F_script01_3_F019,xxx
[168.7525 - 173.6393],Ses04F_script01_3_F020,xxx
[180.4572 - 183.6400],Ses04F_script01_3_F021,xxx
[185.0900 - 188.1200],Ses04F_script01_3_F022,xxx
[196.8200 - 199.2162],Ses04F_script01_3_F023,neu
[201.5808 - 203.7483],Ses04F_script01_3_F024,sad
[205.4000 - 207.4923],Ses04F_script01_3_F025,xxx
[321.9775 - 324.8300],Ses04F_script01_3_F026,xxx
[326.0000 - 333.5400],Ses04F_script01_3_F027,xxx
[333.6100 - 340.7009],Ses04F_script01_3_F028,xxx
[340.7200 - 343.9288],Ses04F_script01_3_F029,xxx
[347.3900 - 350.2800],Ses04F_script01_3_F030,hap
[7.3178 - 10.1700],Ses04F_script01_3_M000,xxx
[17.4100 - 19.9600],Ses04F_script01_3_M001,xxx
[24.3900 - 25.9600],Ses04F_script01_3_M002,xxx
[28.8000 - 30.0600],Ses04F_script01_3_M003,xxx
[32.7200 - 33.8900],Ses04F_script01_3_M004,ang
[37.3604 - 44.8877],Ses04F_script01_3_M005,xxx
[47.2900 - 49.0651],Ses04F_script01_3_M006,xxx
[51.6200 - 54.6613],Ses04F_script01_3_M007,xxx
[55.0554 - 59.7500],Ses04F_script01_3_M008,neu
[62.2500 - 70.7011],Ses04F_script01_3_M009,hap
[71.6200 - 79.3318],Ses04F_script01_3_M010,hap
[79.5288 - 84.3762],Ses04F_script01_3_M011,hap
[84.4157 - 90.9000],Ses04F_script01_3_M012,xxx
[90.9300 - 100.3500],Ses04F_script01_3_M013,xxx
[103.8052 - 107.0763],Ses04F_script01_3_M014,neu
[109.3300 - 111.3700],Ses04F_script01_3_M015,xxx
[112.9800 - 115.2800],Ses04F_script01_3_M016,xxx
[117.0863 - 120.6400],Ses04F_script01_3_M017,xxx
[127.9900 - 133.1500],Ses04F_script01_3_M018,hap
[133.2100 - 138.7617],Ses04F_script01_3_M019,hap
[145.2300 - 149.0082],Ses04F_script01_3_M020,hap
[150.6000 - 152.5600],Ses04F_script01_3_M021,xxx
[159.7671 - 163.3000],Ses04F_script01_3_M022,xxx
[165.8756 - 169.2648],Ses04F_script01_3_M023,sad
[173.5900 - 181.1666],Ses04F_script01_3_M024,sad
[183.0188 - 185.6900],Ses04F_script01_3_M025,fru
[188.3100 - 193.6989],Ses04F_script01_3_M026,sad
[193.7383 - 197.3900],Ses04F_script01_3_M027,sad
[198.4674 - 202.1300],Ses04F_script01_3_M028,sad
[203.1900 - 205.5400],Ses04F_script01_3_M029,sad
[207.2558 - 214.7042],Ses04F_script01_3_M030,sad
[214.7831 - 224.9508],Ses04F_script01_3_M031,sad
[225.0690 - 233.5900],Ses04F_script01_3_M032,sad
[236.3300 - 244.9709],Ses04F_script01_3_M033,sad
[245.3300 - 255.1500],Ses04F_script01_3_M034,sad
[255.2200 - 260.8925],Ses04F_script01_3_M035,sad
[261.0501 - 265.2000],Ses04F_script01_3_M036,sad
[265.7100 - 270.0700],Ses04F_script01_3_M037,xxx
[270.3902 - 277.9569],Ses04F_script01_3_M038,xxx
[277.9963 - 282.3800],Ses04F_script01_3_M039,sad
[282.7649 - 291.1985],Ses04F_script01_3_M040,sad
[291.2380 - 299.0411],Ses04F_script01_3_M041,sad
[299.1199 - 302.5880],Ses04F_script01_3_M042,xxx
[302.6274 - 311.8492],Ses04F_script01_3_M043,sad
[311.8887 - 319.1500],Ses04F_script01_3_M044,sad
[319.6000 - 323.1204],Ses04F_script01_3_M045,sad
[324.5200 - 326.5885],Ses04F_script01_3_M046,xxx
[343.6529 - 347.7909],Ses04F_script01_3_M047,hap
[20.6600 - 22.2500],Ses04F_script02_1_F000,neu
[37.8900 - 39.6360],Ses04F_script02_1_F001,xxx
[43.3900 - 45.3740],Ses04F_script02_1_F002,fru
[45.9300 - 48.7800],Ses04F_script02_1_F003,xxx
[49.8000 - 55.2400],Ses04F_script02_1_F004,xxx
[70.6700 - 71.9700],Ses04F_script02_1_F005,xxx
[98.1400 - 99.5721],Ses04F_script02_1_F006,xxx
[100.5000 - 102.8027],Ses04F_script02_1_F007,ang
[107.8200 - 110.4400],Ses04F_script02_1_F008,ang
[110.6500 - 112.6876],Ses04F_script02_1_F009,fru
[114.0200 - 116.3600],Ses04F_script02_1_F010,fru
[122.2500 - 123.9700],Ses04F_script02_1_F011,fru
[124.3800 - 127.1900],Ses04F_script02_1_F012,ang
[140.5000 - 148.3696],Ses04F_script02_1_F013,ang
[162.0100 - 170.1100],Ses04F_script02_1_F014,ang
[170.5500 - 172.2000],Ses04F_script02_1_F015,fru
[187.4300 - 189.2593],Ses04F_script02_1_F016,ang
[189.9100 - 191.9113],Ses04F_script02_1_F017,ang
[203.2600 - 213.0312],Ses04F_script02_1_F018,xxx
[214.0100 - 216.3300],Ses04F_script02_1_F019,ang
[286.5400 - 288.4300],Ses04F_script02_1_F020,fru
[289.2700 - 290.9500],Ses04F_script02_1_F021,ang
[291.9600 - 293.8500],Ses04F_script02_1_F022,ang
[8.6300 - 15.4783],Ses04F_script02_1_M000,hap
[15.5747 - 21.2400],Ses04F_script02_1_M001,xxx
[21.6700 - 26.7100],Ses04F_script02_1_M002,exc
[26.7500 - 32.1620],Ses04F_script02_1_M003,xxx
[32.7100 - 38.2500],Ses04F_script02_1_M004,fru
[40.0699 - 43.7800],Ses04F_script02_1_M005,fru
[44.9000 - 46.2800],Ses04F_script02_1_M006,sur
[48.4118 - 50.1400],Ses04F_script02_1_M007,fru
[54.2900 - 62.0095],Ses04F_script02_1_M008,fru
[62.4917 - 70.9000],Ses04F_script02_1_M009,exc
[72.0873 - 79.7541],Ses04F_script02_1_M010,neu
[79.8023 - 86.1672],Ses04F_script02_1_M011,hap
[86.2154 - 91.5677],Ses04F_script02_1_M012,xxx
[91.7606 - 98.4148],Ses04F_script02_1_M013,xxx
[99.3500 - 100.9200],Ses04F_script02_1_M014,xxx
[102.3800 - 108.4600],Ses04F_script02_1_M015,fru
[109.9100 - 111.1100],Ses04F_script02_1_M016,fru
[112.2054 - 114.5400],Ses04F_script02_1_M017,neu
[115.7200 - 122.6500],Ses04F_script02_1_M018,fru
[123.4300 - 124.9300],Ses04F_script02_1_M019,xxx
[126.5700 - 133.4800],Ses04F_script02_1_M020,fru
[133.5171 - 141.1200],Ses04F_script02_1_M021,exc
[147.6463 - 158.6500],Ses04F_script02_1_M022,fru
[158.7400 - 162.6200],Ses04F_script02_1_M023,exc
[169.6100 - 171.0500],Ses04F_script02_1_M024,fru
[171.4800 - 174.6000],Ses04F_script02_1_M025,fru
[174.6300 - 183.4200],Ses04F_script02_1_M026,exc
[183.4600 - 187.9500],Ses04F_script02_1_M027,fru
[188.5300 - 190.3900],Ses04F_script02_1_M028,sur
[191.2700 - 203.9900],Ses04F_script02_1_M029,fru
[212.4000 - 214.8300],Ses04F_script02_1_M030,fru
[215.5100 - 219.4925],Ses04F_script02_1_M031,ang
[219.6000 - 227.3522],Ses04F_script02_1_M032,exc
[227.4004 - 235.4048],Ses04F_script02_1_M033,exc
[235.5012 - 245.0500],Ses04F_script02_1_M034,exc
[245.0900 - 256.9586],Ses04F_script02_1_M035,exc
[257.0068 - 261.5876],Ses04F_script02_1_M036,exc
[261.6400 - 266.7953],Ses04F_script02_1_M037,exc
[266.8435 - 276.9500],Ses04F_script02_1_M038,exc
[276.9900 - 282.2400],Ses04F_script02_1_M039,exc
[282.6400 - 287.0200],Ses04F_script02_1_M040,exc
[287.8800 - 289.7500],Ses04F_script02_1_M041,xxx
[290.4700 - 292.4100],Ses04F_script02_1_M042,xxx
[10.9400 - 12.1900],Ses04F_script02_2_F000,xxx
[12.7500 - 14.9800],Ses04F_script02_2_F001,xxx
[18.3900 - 25.7200],Ses04F_script02_2_F002,ang
[28.4900 - 41.1495],Ses04F_script02_2_F003,xxx
[42.4200 - 45.8900],Ses04F_script02_2_F004,xxx
[52.0059 - 60.1920],Ses04F_script02_2_F005,ang
[61.5000 - 66.0000],Ses04F_script02_2_F006,ang
[75.0100 - 78.8300],Ses04F_script02_2_F007,ang
[83.7513 - 87.9500],Ses04F_script02_2_F008,neu
[98.2800 - 102.1400],Ses04F_script02_2_F009,ang
[102.6110 - 106.0900],Ses04F_script02_2_F010,ang
[107.6800 - 111.0597],Ses04F_script02_2_F011,ang
[112.1000 - 118.1600],Ses04F_script02_2_F012,xxx
[118.2126 - 127.2854],Ses04F_script02_2_F013,xxx
[127.3291 - 130.1900],Ses04F_script02_2_F014,ang
[131.4600 - 135.1803],Ses04F_script02_2_F015,fru
[136.3400 - 144.9861],Ses04F_script02_2_F016,fru
[147.8000 - 150.5900],Ses04F_script02_2_F017,xxx
[175.6800 - 182.8524],Ses04F_script02_2_F018,xxx
[182.9400 - 192.4831],Ses04F_script02_2_F019,sad
[192.5200 - 200.3000],Ses04F_script02_2_F020,sad
[200.3400 - 206.0537],Ses04F_script02_2_F021,sad
[206.2900 - 215.9900],Ses04F_script02_2_F022,sad
[216.7800 - 220.6100],Ses04F_script02_2_F023,sad
[235.3400 - 240.9300],Ses04F_script02_2_F024,sad
[247.5533 - 249.1731],Ses04F_script02_2_F025,neu
[250.4800 - 251.7400],Ses04F_script02_2_F026,sad
[252.6600 - 254.3100],Ses04F_script02_2_F027,fru
[255.8600 - 257.0500],Ses04F_script02_2_F028,fru
[258.1200 - 259.5100],Ses04F_script02_2_F029,fru
[261.3700 - 262.7600],Ses04F_script02_2_F030,fru
[263.3600 - 264.7100],Ses04F_script02_2_F031,ang
[270.9300 - 274.2400],Ses04F_script02_2_F032,xxx
[311.6600 - 315.3500],Ses04F_script02_2_F033,ang
[315.7700 - 321.4100],Ses04F_script02_2_F034,ang
[321.9600 - 325.3500],Ses04F_script02_2_F035,xxx
[326.2626 - 337.0900],Ses04F_script02_2_F036,xxx
[337.5900 - 351.2149],Ses04F_script02_2_F037,sad
[352.6800 - 355.3737],Ses04F_script02_2_F038,fru
[360.4079 - 365.1200],Ses04F_script02_2_F039,fru
[365.7000 - 372.7900],Ses04F_script02_2_F040,fru
[372.8186 - 376.5000],Ses04F_script02_2_F041,sad
[378.7938 - 384.8349],Ses04F_script02_2_F042,xxx
[393.6777 - 401.5200],Ses04F_script02_2_F043,hap
[405.0900 - 408.3864],Ses04F_script02_2_F044,hap
[409.3500 - 412.6600],Ses04F_script02_2_F045,hap
[416.5700 - 426.5972],Ses04F_script02_2_F046,hap
[431.6600 - 433.6889],Ses04F_script02_2_F047,xxx
[8.4000 - 11.3500],Ses04F_script02_2_M000,neu
[11.8900 - 13.4100],Ses04F_script02_2_M001,xxx
[14.3700 - 18.7700],Ses04F_script02_2_M002,xxx
[25.9200 - 29.0200],Ses04F_script02_2_M003,xxx
[40.5100 - 43.0800],Ses04F_script02_2_M004,xxx
[45.9210 - 52.9800],Ses04F_script02_2_M005,xxx
[59.1414 - 62.2900],Ses04F_script02_2_M006,fru
[65.1300 - 75.5900],Ses04F_script02_2_M007,fru
[82.1300 - 84.4300],Ses04F_script02_2_M008,fru
[89.8722 - 98.6500],Ses04F_script02_2_M009,xxx
[101.5700 - 103.1801],Ses04F_script02_2_M010,fru
[105.6100 - 108.3400],Ses04F_script02_2_M011,fru
[110.4031 - 112.6500],Ses04F_script02_2_M012,fru
[129.5332 - 132.1300],Ses04F_script02_2_M013,fru
[134.6112 - 136.8876],Ses04F_script02_2_M014,fru
[144.2857 - 148.5700],Ses04F_script02_2_M015,fru
[149.9100 - 160.7300],Ses04F_script02_2_M016,fru
[160.7700 - 169.6200],Ses04F_script02_2_M017,xxx
[169.6643 - 177.3300],Ses04F_script02_2_M018,xxx
[215.2700 - 217.1100],Ses04F_script02_2_M019,neu
[219.5200 - 231.5200],Ses04F_script02_2_M020,neu
[231.5400 - 235.8300],Ses04F_script02_2_M021,exc
[240.1800 - 247.9036],Ses04F_script02_2_M022,xxx
[248.9104 - 250.8400],Ses04F_script02_2_M023,neu
[251.3000 - 253.0600],Ses04F_script02_2_M024,xxx
[254.1000 - 256.0897],Ses04F_script02_2_M025,fru
[256.5600 - 258.5100],Ses04F_script02_2_M026,fru
[259.1200 - 261.7300],Ses04F_script02_2_M027,fru
[262.3800 - 263.9200],Ses04F_script02_2_M028,fru
[264.4100 - 271.6000],Ses04F_script02_2_M029,fru
[273.4500 - 277.9600],Ses04F_script02_2_M030,xxx
[277.9900 - 285.5509],Ses04F_script02_2_M031,fru
[285.5947 - 293.3900],Ses04F_script02_2_M032,fru
[293.4200 - 299.9532],Ses04F_script02_2_M033,fru
[299.9970 - 309.4700],Ses04F_script02_2_M034,fru
[309.4900 - 312.1400],Ses04F_script02_2_M035,xxx
[314.7000 - 316.3000],Ses04F_script02_2_M036,xxx
[320.9400 - 322.3200],Ses04F_script02_2_M037,xxx
[324.5200 - 326.7300],Ses04F_script02_2_M038,xxx
[336.3200 - 338.1000],Ses04F_script02_2_M039,fru
[350.1643 - 353.2000],Ses04F_script02_2_M040,sad
[354.9359 - 360.7581],Ses04F_script02_2_M041,sad
[364.5200 - 366.3900],Ses04F_script02_2_M042,sur
[375.8300 - 379.5380],Ses04F_script02_2_M043,neu
[384.2221 - 389.9567],Ses04F_script02_2_M044,neu
[390.1318 - 394.4219],Ses04F_script02_2_M045,xxx
[401.6800 - 405.7700],Ses04F_script02_2_M046,exc
[407.8400 - 409.8200],Ses04F_script02_2_M047,neu
[412.5600 - 416.7914],Ses04F_script02_2_M048,xxx
[426.1595 - 431.6100],Ses04F_script02_2_M049,xxx
[433.4701 - 435.0898],Ses04F_script02_2_M050,xxx
[7.7500 - 9.1900],Ses04F_script03_1_F000,xxx
[9.2300 - 11.8600],Ses04F_script03_1_F001,xxx
[12.4200 - 14.5552],Ses04F_script03_1_F002,xxx
[17.3400 - 19.1600],Ses04F_script03_1_F003,xxx
[20.2755 - 22.6700],Ses04F_script03_1_F004,xxx
[25.9111 - 30.4663],Ses04F_script03_1_F005,exc
[32.8800 - 34.9200],Ses04F_script03_1_F006,exc
[35.2600 - 37.8000],Ses04F_script03_1_F007,exc
[40.3900 - 43.4800],Ses04F_script03_1_F008,xxx
[44.5300 - 47.2100],Ses04F_script03_1_F009,exc
[49.5700 - 52.3000],Ses04F_script03_1_F010,xxx
[58.0200 - 60.9100],Ses04F_script03_1_F011,exc
[63.6100 - 65.0600],Ses04F_script03_1_F012,neu
[76.0100 - 79.3900],Ses04F_script03_1_F013,xxx
[80.9600 - 86.2504],Ses04F_script03_1_F014,exc
[89.0471 - 92.1400],Ses04F_script03_1_F015,xxx
[94.1742 - 96.4900],Ses04F_script03_1_F016,xxx
[97.6400 - 102.0700],Ses04F_script03_1_F017,neu
[104.0900 - 106.5600],Ses04F_script03_1_F018,xxx
[111.1800 - 114.1700],Ses04F_script03_1_F019,xxx
[131.5000 - 134.2300],Ses04F_script03_1_F020,xxx
[148.1200 - 155.4881],Ses04F_script03_1_F021,exc
[157.0700 - 158.9900],Ses04F_script03_1_F022,exc
[162.8000 - 167.9800],Ses04F_script03_1_F023,exc
[168.2700 - 173.7000],Ses04F_script03_1_F024,exc
[174.6200 - 177.4797],Ses04F_script03_1_F025,xxx
[181.6300 - 185.6100],Ses04F_script03_1_F026,exc
[188.7500 - 191.5700],Ses04F_script03_1_F027,xxx
[192.9700 - 198.6100],Ses04F_script03_1_F028,exc
[199.4700 - 203.2600],Ses04F_script03_1_F029,exc
[203.3500 - 205.3900],Ses04F_script03_1_F030,exc
[6.2551 - 8.1400],Ses04F_script03_1_M000,xxx
[8.6300 - 9.6700],Ses04F_script03_1_M001,fea
[11.4300 - 12.7900],Ses04F_script03_1_M002,fea
[13.9831 - 17.8100],Ses04F_script03_1_M003,xxx
[18.9100 - 20.6600],Ses04F_script03_1_M004,xxx
[22.1500 - 26.2925],Ses04F_script03_1_M005,xxx
[29.8095 - 33.1781],Ses04F_script03_1_M006,exc
[34.1200 - 35.8600],Ses04F_script03_1_M007,exc
[36.8900 - 40.9600],Ses04F_script03_1_M008,exc
[43.0600 - 45.1400],Ses04F_script03_1_M009,neu
[46.7300 - 50.1500],Ses04F_script03_1_M010,xxx
[51.5500 - 58.8400],Ses04F_script03_1_M011,xxx
[59.8900 - 63.9800],Ses04F_script03_1_M012,xxx
[64.6000 - 67.7500],Ses04F_script03_1_M013,xxx
[67.7800 - 72.9877],Ses04F_script03_1_M014,xxx
[73.0600 - 76.6300],Ses04F_script03_1_M015,xxx
[78.5400 - 81.3100],Ses04F_script03_1_M016,xxx
[85.7631 - 89.6191],Ses04F_script03_1_M017,neu
[91.4700 - 94.5500],Ses04F_script03_1_M018,xxx
[95.4900 - 98.1149],Ses04F_script03_1_M019,xxx
[101.2200 - 104.7400],Ses04F_script03_1_M020,xxx
[106.2200 - 111.7200],Ses04F_script03_1_M021,xxx
[113.1600 - 118.3480],Ses04F_script03_1_M022,xxx
[118.3900 - 125.0854],Ses04F_script03_1_M023,xxx
[125.1200 - 132.2500],Ses04F_script03_1_M024,xxx
[133.7300 - 139.1900],Ses04F_script03_1_M025,xxx
[139.2173 - 148.7084],Ses04F_script03_1_M026,xxx
[154.9584 - 157.4400],Ses04F_script03_1_M027,neu
[158.6800 - 163.7100],Ses04F_script03_1_M028,neu
[167.1400 - 169.0300],Ses04F_script03_1_M029,neu
[173.3200 - 175.1900],Ses04F_script03_1_M030,neu
[176.9600 - 182.2800],Ses04F_script03_1_M031,neu
[185.1700 - 189.3500],Ses04F_script03_1_M032,xxx
[190.7700 - 193.5200],Ses04F_script03_1_M033,xxx
[198.0100 - 200.3800],Ses04F_script03_1_M034,xxx
[201.9400 - 204.0800],Ses04F_script03_1_M035,xxx
[204.8900 - 208.4600],Ses04F_script03_1_M036,xxx
[8.9900 - 12.2600],Ses04F_script03_2_F000,xxx
[15.4400 - 18.2000],Ses04F_script03_2_F001,xxx
[21.3300 - 26.2300],Ses04F_script03_2_F002,xxx
[27.8600 - 32.0500],Ses04F_script03_2_F003,xxx
[33.8300 - 36.7200],Ses04F_script03_2_F004,xxx
[37.4100 - 39.2600],Ses04F_script03_2_F005,ang
[40.1500 - 44.0100],Ses04F_script03_2_F006,xxx
[44.4200 - 48.5900],Ses04F_script03_2_F007,xxx
[49.9200 - 53.0700],Ses04F_script03_2_F008,fru
[56.3400 - 57.7713],Ses04F_script03_2_F009,fru
[59.1100 - 62.8300],Ses04F_script03_2_F010,xxx
[64.5100 - 68.9400],Ses04F_script03_2_F011,xxx
[72.6700 - 75.1006],Ses04F_script03_2_F012,ang
[77.8200 - 79.6600],Ses04F_script03_2_F013,ang
[80.0400 - 81.1800],Ses04F_script03_2_F014,ang
[86.0900 - 89.4400],Ses04F_script03_2_F015,fru
[90.9200 - 95.7438],Ses04F_script03_2_F016,fru
[97.4000 - 99.0400],Ses04F_script03_2_F017,fru
[99.0600 - 100.6600],Ses04F_script03_2_F018,xxx
[106.4900 - 109.9600],Ses04F_script03_2_F019,ang
[111.0300 - 113.3300],Ses04F_script03_2_F020,ang
[116.4500 - 117.7700],Ses04F_script03_2_F021,ang
[117.8000 - 124.2600],Ses04F_script03_2_F022,ang
[126.1500 - 128.7900],Ses04F_script03_2_F023,ang
[130.8600 - 132.8086],Ses04F_script03_2_F024,ang
[141.4838 - 145.4300],Ses04F_script03_2_F025,ang
[145.8400 - 148.8925],Ses04F_script03_2_F026,ang
[158.3600 - 163.5400],Ses04F_script03_2_F027,ang
[166.6000 - 168.7700],Ses04F_script03_2_F028,ang
[173.7300 - 177.6100],Ses04F_script03_2_F029,ang
[184.7900 - 187.5200],Ses04F_script03_2_F030,ang
[190.1600 - 193.4400],Ses04F_script03_2_F031,ang
[194.2800 - 196.2200],Ses04F_script03_2_F032,xxx
[198.1153 - 201.9100],Ses04F_script03_2_F033,xxx
[202.0300 - 205.5400],Ses04F_script03_2_F034,ang
[206.9300 - 210.4200],Ses04F_script03_2_F035,ang
[211.1598 - 214.3700],Ses04F_script03_2_F036,ang
[214.9200 - 220.6000],Ses04F_script03_2_F037,ang
[220.6000 - 221.9900],Ses04F_script03_2_F038,ang
[221.9900 - 228.0900],Ses04F_script03_2_F039,ang
[228.3202 - 231.0000],Ses04F_script03_2_F040,ang
[231.0000 - 232.9800],Ses04F_script03_2_F041,ang
[233.1000 - 235.9611],Ses04F_script03_2_F042,ang
[235.9800 - 242.5700],Ses04F_script03_2_F043,ang
[242.6200 - 248.3300],Ses04F_script03_2_F044,ang
[5.2700 - 9.4400],Ses04F_script03_2_M000,neu
[11.7147 - 15.8900],Ses04F_script03_2_M001,ang
[17.8700 - 21.9700],Ses04F_script03_2_M002,xxx
[25.2900 - 28.5900],Ses04F_script03_2_M003,ang
[31.3800 - 34.3600],Ses04F_script03_2_M004,xxx
[35.7000 - 37.9800],Ses04F_script03_2_M005,ang
[38.6000 - 40.5700],Ses04F_script03_2_M006,ang
[43.2700 - 44.9500],Ses04F_script03_2_M007,ang
[48.2200 - 50.6300],Ses04F_script03_2_M008,ang
[52.4900 - 56.6700],Ses04F_script03_2_M009,xxx
[57.2300 - 59.5600],Ses04F_script03_2_M010,neu
[61.7200 - 65.2300],Ses04F_script03_2_M011,xxx
[68.2400 - 73.1900],Ses04F_script03_2_M012,fru
[74.5500 - 78.5600],Ses04F_script03_2_M013,xxx
[79.1200 - 80.7600],Ses04F_script03_2_M014,ang
[80.8100 - 82.6360],Ses04F_script03_2_M015,ang
[83.0370 - 86.5200],Ses04F_script03_2_M016,ang
[88.8200 - 91.5500],Ses04F_script03_2_M017,xxx
[95.2600 - 98.2700],Ses04F_script03_2_M018,xxx
[98.4800 - 99.7800],Ses04F_script03_2_M019,xxx
[100.8400 - 107.2200],Ses04F_script03_2_M020,xxx
[109.0800 - 111.7300],Ses04F_script03_2_M021,fru
[112.6000 - 117.1800],Ses04F_script03_2_M022,xxx
[117.4100 - 118.8200],Ses04F_script03_2_M023,xxx
[123.7000 - 126.6200],Ses04F_script03_2_M024,neu
[128.3700 - 131.2900],Ses04F_script03_2_M025,xxx
[132.9986 - 142.0700],Ses04F_script03_2_M026,xxx
[144.6400 - 147.0400],Ses04F_script03_2_M027,ang
[148.4282 - 158.8900],Ses04F_script03_2_M028,fru
[162.2800 - 167.4400],Ses04F_script03_2_M029,xxx
[169.0502 - 174.1400],Ses04F_script03_2_M030,xxx
[176.9800 - 180.5100],Ses04F_script03_2_M031,ang
[182.6300 - 185.4300],Ses04F_script03_2_M032,xxx
[186.5695 - 190.6400],Ses04F_script03_2_M033,xxx
[192.7700 - 195.1800],Ses04F_script03_2_M034,ang
[195.6500 - 198.7696],Ses04F_script03_2_M035,ang
[200.2600 - 202.6800],Ses04F_script03_2_M036,xxx
[205.1000 - 207.3900],Ses04F_script03_2_M037,ang
[209.6400 - 211.3500],Ses04F_script03_2_M038,xxx
[213.9300 - 215.2800],Ses04F_script03_2_M039,ang
[218.5400 - 220.8481],Ses04F_script03_2_M040,ang
[221.9400 - 228.5735],Ses04F_script03_2_M041,ang
[231.2300 - 234.0100],Ses04F_script03_2_M042,ang
[234.6100 - 235.9300],Ses04F_script03_2_M043,ang
[235.9500 - 240.8300],Ses04F_script03_2_M044,ang
[240.8600 - 248.2600],Ses04F_script03_2_M045,ang
[14.9200 - 17.1600],Ses04M_impro01_F000,neu
[33.0700 - 35.8800],Ses04M_impro01_F001,neu
[36.2900 - 41.4400],Ses04M_impro01_F002,neu
[44.3200 - 52.2700],Ses04M_impro01_F003,fru
[52.3400 - 54.3500],Ses04M_impro01_F004,fru
[54.3500 - 59.6392],Ses04M_impro01_F005,fru
[63.9300 - 66.3900],Ses04M_impro01_F006,fru
[67.7500 - 69.3600],Ses04M_impro01_F007,fru
[71.5900 - 75.9500],Ses04M_impro01_F008,fru
[75.9700 - 80.4800],Ses04M_impro01_F009,fru
[84.2800 - 87.6200],Ses04M_impro01_F010,fru
[87.6200 - 90.4800],Ses04M_impro01_F011,fru
[92.6100 - 95.8700],Ses04M_impro01_F012,neu
[98.7000 - 104.7200],Ses04M_impro01_F013,fru
[105.0400 - 108.7800],Ses04M_impro01_F014,fru
[114.6600 - 123.9600],Ses04M_impro01_F015,fru
[126.6700 - 128.1400],Ses04M_impro01_F016,fru
[130.3700 - 133.0200],Ses04M_impro01_F017,fru
[133.0200 - 137.4300],Ses04M_impro01_F018,ang
[138.0500 - 142.4822],Ses04M_impro01_F019,ang
[145.0600 - 147.0600],Ses04M_impro01_F020,fru
[150.0875 - 154.0900],Ses04M_impro01_F021,ang
[4.0400 - 15.3700],Ses04M_impro01_M000,neu
[15.4200 - 23.4300],Ses04M_impro01_M001,fru
[23.4594 - 34.4800],Ses04M_impro01_M002,fru
[35.4200 - 36.7400],Ses04M_impro01_M003,neu
[40.9365 - 46.4400],Ses04M_impro01_M004,fru
[50.6500 - 52.2800],Ses04M_impro01_M005,fru
[52.3200 - 55.2000],Ses04M_impro01_M006,fru
[59.3288 - 64.1200],Ses04M_impro01_M007,fru
[64.1403 - 72.1900],Ses04M_impro01_M008,fru
[75.6600 - 78.7000],Ses04M_impro01_M009,fru
[78.7000 - 85.9800],Ses04M_impro01_M010,fru
[88.6400 - 90.0900],Ses04M_impro01_M011,fru
[90.0900 - 93.7900],Ses04M_impro01_M012,fru
[95.3800 - 99.6000],Ses04M_impro01_M013,fru
[102.0200 - 106.5800],Ses04M_impro01_M014,fru
[108.3100 - 114.8900],Ses04M_impro01_M015,xxx
[114.9100 - 117.9200],Ses04M_impro01_M016,fru
[117.9400 - 121.9900],Ses04M_impro01_M017,fru
[122.0334 - 123.8100],Ses04M_impro01_M018,ang
[123.8500 - 126.7200],Ses04M_impro01_M019,fru
[126.7600 - 127.9900],Ses04M_impro01_M020,xxx
[128.0000 - 130.4100],Ses04M_impro01_M021,fru
[135.0000 - 138.9300],Ses04M_impro01_M022,fru
[142.8703 - 145.5476],Ses04M_impro01_M023,fru
[146.5100 - 150.5300],Ses04M_impro01_M024,ang
[9.5900 - 14.1300],Ses04M_impro02_F000,xxx
[19.9154 - 23.4813],Ses04M_impro02_F001,xxx
[23.6100 - 29.8731],Ses04M_impro02_F002,fru
[34.1900 - 39.2000],Ses04M_impro02_F003,xxx
[45.1800 - 48.0000],Ses04M_impro02_F004,xxx
[51.0400 - 57.1900],Ses04M_impro02_F005,fru
[60.0800 - 69.8900],Ses04M_impro02_F006,xxx
[83.1900 - 90.8200],Ses04M_impro02_F007,fru
[91.7100 - 95.6400],Ses04M_impro02_F008,fru
[97.0000 - 103.5900],Ses04M_impro02_F009,sad
[103.6062 - 107.7600],Ses04M_impro02_F010,fru
[110.3200 - 120.6400],Ses04M_impro02_F011,fru
[125.5300 - 128.7771],Ses04M_impro02_F012,fru
[130.8700 - 138.8400],Ses04M_impro02_F013,fru
[142.9100 - 149.8000],Ses04M_impro02_F014,xxx
[152.2900 - 156.6400],Ses04M_impro02_F015,xxx
[167.6100 - 178.2000],Ses04M_impro02_F016,fru
[181.5200 - 184.9100],Ses04M_impro02_F017,fru
[198.8700 - 208.3800],Ses04M_impro02_F018,fru
[209.7400 - 213.6600],Ses04M_impro02_F019,fru
[226.1500 - 228.5558],Ses04M_impro02_F020,sad
[231.1700 - 236.1200],Ses04M_impro02_F021,ang
[245.8500 - 249.4100],Ses04M_impro02_F022,fru
[258.9700 - 262.7600],Ses04M_impro02_F023,fru
[266.9800 - 277.6600],Ses04M_impro02_F024,xxx
[281.1800 - 287.0100],Ses04M_impro02_F025,fru
[289.2500 - 296.3600],Ses04M_impro02_F026,xxx
[296.4100 - 301.8400],Ses04M_impro02_F027,fru
[301.8900 - 304.7800],Ses04M_impro02_F028,fru
[308.6900 - 312.3100],Ses04M_impro02_F029,fru
[318.9300 - 322.9520],Ses04M_impro02_F030,xxx
[329.1500 - 331.9400],Ses04M_impro02_F031,xxx
[5.3600 - 8.9800],Ses04M_impro02_M000,sad
[16.5800 - 20.2600],Ses04M_impro02_M001,xxx
[23.2122 - 25.1200],Ses04M_impro02_M002,fru
[29.2675 - 34.1500],Ses04M_impro02_M003,fru
[38.8800 - 45.5497],Ses04M_impro02_M004,fru
[48.5500 - 52.9500],Ses04M_impro02_M005,fru
[56.5800 - 61.5500],Ses04M_impro02_M006,fru
[64.3500 - 68.3200],Ses04M_impro02_M007,fru
[69.4900 - 73.3700],Ses04M_impro02_M008,neu
[74.5600 - 84.4500],Ses04M_impro02_M009,fru
[86.5400 - 92.2100],Ses04M_impro02_M010,fru
[93.3000 - 97.1200],Ses04M_impro02_M011,fru
[103.3900 - 106.4700],Ses04M_impro02_M012,fru
[106.4700 - 110.5600],Ses04M_impro02_M013,fru
[121.4000 - 127.6200],Ses04M_impro02_M014,fru
[128.2900 - 131.3338],Ses04M_impro02_M015,fru
[137.0700 - 142.3300],Ses04M_impro02_M016,fru
[145.1600 - 151.5200],Ses04M_impro02_M017,fru
[156.7100 - 167.2900],Ses04M_impro02_M018,fru
[177.8200 - 181.9100],Ses04M_impro02_M019,fru
[185.5700 - 194.4400],Ses04M_impro02_M020,fru
[194.5600 - 198.9500],Ses04M_impro02_M021,fru
[211.8300 - 215.2900],Ses04M_impro02_M022,fru
[217.9900 - 226.6100],Ses04M_impro02_M023,fru
[228.0849 - 230.7089],Ses04M_impro02_M024,fru
[237.6900 - 246.5000],Ses04M_impro02_M025,fru
[250.7300 - 262.2300],Ses04M_impro02_M026,fru
[263.0041 - 267.3700],Ses04M_impro02_M027,fru
[277.8900 - 281.3720],Ses04M_impro02_M028,fru
[286.4900 - 290.0400],Ses04M_impro02_M029,fru
[295.9500 - 297.1400],Ses04M_impro02_M030,fru
[301.2600 - 302.4600],Ses04M_impro02_M031,fru
[304.3100 - 309.3611],Ses04M_impro02_M032,fru
[312.8200 - 317.2800],Ses04M_impro02_M033,fru
[322.6100 - 328.0100],Ses04M_impro02_M034,fru
[332.6300 - 338.1900],Ses04M_impro02_M035,fru
[19.5800 - 21.5800],Ses04M_impro03_F000,xxx
[27.4400 - 30.4000],Ses04M_impro03_F001,xxx
[30.5200 - 34.3400],Ses04M_impro03_F002,exc
[49.8400 - 55.0554],Ses04M_impro03_F003,exc
[58.0300 - 59.7800],Ses04M_impro03_F004,exc
[65.1400 - 68.5600],Ses04M_impro03_F005,exc
[73.6200 - 79.8300],Ses04M_impro03_F006,exc
[82.8700 - 84.8000],Ses04M_impro03_F007,exc
[99.8300 - 103.3400],Ses04M_impro03_F008,exc
[103.8900 - 108.4600],Ses04M_impro03_F009,exc
[110.8553 - 113.2500],Ses04M_impro03_F010,exc
[126.3600 - 131.1200],Ses04M_impro03_F011,exc
[131.1400 - 133.7004],Ses04M_impro03_F012,exc
[135.9300 - 137.5500],Ses04M_impro03_F013,xxx
[142.3500 - 148.9700],Ses04M_impro03_F014,xxx
[156.5100 - 160.2900],Ses04M_impro03_F015,exc
[163.8800 - 166.9800],Ses04M_impro03_F016,exc
[175.2500 - 180.1800],Ses04M_impro03_F017,exc
[185.2800 - 187.3300],Ses04M_impro03_F018,xxx
[187.5700 - 191.5000],Ses04M_impro03_F019,exc
[227.1800 - 229.6500],Ses04M_impro03_F020,xxx
[230.4900 - 234.7100],Ses04M_impro03_F021,xxx
[236.0000 - 243.0400],Ses04M_impro03_F022,xxx
[246.5600 - 248.2900],Ses04M_impro03_F023,xxx
[250.6500 - 254.5500],Ses04M_impro03_F024,hap
[255.7200 - 259.4100],Ses04M_impro03_F025,exc
[7.0300 - 20.1500],Ses04M_impro03_M000,xxx
[21.0000 - 27.9300],Ses04M_impro03_M001,xxx
[29.0300 - 30.9900],Ses04M_impro03_M002,exc
[33.7400 - 40.0300],Ses04M_impro03_M003,xxx
[40.0600 - 51.7600],Ses04M_impro03_M004,xxx
[54.7500 - 58.4800],Ses04M_impro03_M005,hap
[59.4344 - 65.8600],Ses04M_impro03_M006,hap
[67.8100 - 74.0500],Ses04M_impro03_M007,hap
[74.3900 - 84.1300],Ses04M_impro03_M008,hap
[84.3100 - 91.0900],Ses04M_impro03_M009,hap
[91.1200 - 100.6800],Ses04M_impro03_M010,xxx
[101.1000 - 104.4700],Ses04M_impro03_M011,exc
[106.6800 - 111.5215],Ses04M_impro03_M012,xxx
[112.7400 - 121.8700],Ses04M_impro03_M013,xxx
[121.8900 - 127.4400],Ses04M_impro03_M014,xxx
[129.6800 - 131.0600],Ses04M_impro03_M015,exc
[131.4300 - 136.6900],Ses04M_impro03_M016,xxx
[136.9900 - 142.9900],Ses04M_impro03_M017,exc
[147.4300 - 158.3300],Ses04M_impro03_M018,xxx
[159.7195 - 165.4200],Ses04M_impro03_M019,exc
[165.6200 - 177.2881],Ses04M_impro03_M020,hap
[177.3200 - 186.4000],Ses04M_impro03_M021,hap
[186.9500 - 188.7700],Ses04M_impro03_M022,hap
[189.4400 - 200.2371],Ses04M_impro03_M023,exc
[200.2763 - 217.5000],Ses04M_impro03_M024,hap
[217.5292 - 229.4600],Ses04M_impro03_M025,hap
[229.4800 - 230.9400],Ses04M_impro03_M026,hap
[233.2900 - 236.6100],Ses04M_impro03_M027,xxx
[239.4500 - 246.6900],Ses04M_impro03_M028,hap
[246.7200 - 252.3800],Ses04M_impro03_M029,hap
[252.6700 - 259.2400],Ses04M_impro03_M030,hap
[259.3139 - 265.9300],Ses04M_impro03_M031,neu
[35.3735 - 38.5500],Ses04M_impro04_F000,neu
[55.8000 - 58.0100],Ses04M_impro04_F001,neu
[58.0100 - 61.4700],Ses04M_impro04_F002,neu
[69.0000 - 74.2400],Ses04M_impro04_F003,neu
[74.2400 - 76.8100],Ses04M_impro04_F004,neu
[89.5200 - 99.5100],Ses04M_impro04_F005,neu
[109.0900 - 111.6300],Ses04M_impro04_F006,neu
[111.6300 - 118.5000],Ses04M_impro04_F007,neu
[131.9500 - 141.6400],Ses04M_impro04_F008,neu
[144.6100 - 147.6500],Ses04M_impro04_F009,neu
[149.0900 - 150.4100],Ses04M_impro04_F010,sur
[160.1100 - 162.8300],Ses04M_impro04_F011,neu
[163.0500 - 164.8300],Ses04M_impro04_F012,neu
[165.3900 - 168.7200],Ses04M_impro04_F013,neu
[185.4300 - 189.3200],Ses04M_impro04_F014,xxx
[190.5900 - 195.4300],Ses04M_impro04_F015,neu
[198.9000 - 201.9000],Ses04M_impro04_F016,neu
[203.4700 - 204.9301],Ses04M_impro04_F017,neu
[205.9042 - 208.6800],Ses04M_impro04_F018,xxx
[7.3000 - 18.4300],Ses04M_impro04_M000,fru
[18.4800 - 35.2100],Ses04M_impro04_M001,fru
[38.3400 - 46.5000],Ses04M_impro04_M002,fru
[46.5500 - 52.8900],Ses04M_impro04_M003,fru
[52.9100 - 57.0000],Ses04M_impro04_M004,neu
[59.7500 - 69.3300],Ses04M_impro04_M005,fru
[73.7400 - 75.9400],Ses04M_impro04_M006,fru
[75.9400 - 82.2055],Ses04M_impro04_M007,fru
[82.2472 - 90.8700],Ses04M_impro04_M008,fru
[98.5200 - 109.4200],Ses04M_impro04_M009,fru
[113.3800 - 115.6100],Ses04M_impro04_M010,fru
[116.2100 - 122.4400],Ses04M_impro04_M011,fru
[122.4400 - 133.2000],Ses04M_impro04_M012,fru
[141.1800 - 143.7800],Ses04M_impro04_M013,fru
[147.3400 - 149.5000],Ses04M_impro04_M014,fru
[150.0300 - 161.4700],Ses04M_impro04_M015,fru
[161.8200 - 163.4900],Ses04M_impro04_M016,fru
[164.2700 - 165.5500],Ses04M_impro04_M017,fru
[168.3800 - 177.7600],Ses04M_impro04_M018,fru
[177.7900 - 185.7800],Ses04M_impro04_M019,fru
[188.7700 - 191.8300],Ses04M_impro04_M020,neu
[195.3000 - 199.7200],Ses04M_impro04_M021,neu
[202.2000 - 205.9000],Ses04M_impro04_M022,neu
[208.3393 - 216.5100],Ses04M_impro04_M023,oth
[6.1700 - 8.2400],Ses04M_impro05_F000,neu
[12.7100 - 14.7000],Ses04M_impro05_F001,neu
[16.7800 - 18.5700],Ses04M_impro05_F002,neu
[18.6400 - 19.4900],Ses04M_impro05_F003,neu
[19.5100 - 20.7966],Ses04M_impro05_F004,xxx
[21.0120 - 22.3920],Ses04M_impro05_F005,xxx
[64.4050 - 69.2800],Ses04M_impro05_F006,neu
[69.3126 - 73.0400],Ses04M_impro05_F007,neu
[73.0400 - 76.7000],Ses04M_impro05_F008,neu
[77.5000 - 79.6400],Ses04M_impro05_F009,neu
[89.8700 - 92.7589],Ses04M_impro05_F010,neu
[95.5859 - 100.2800],Ses04M_impro05_F011,xxx
[102.7300 - 108.5700],Ses04M_impro05_F012,fru
[112.3200 - 114.1500],Ses04M_impro05_F013,neu
[123.2500 - 125.4900],Ses04M_impro05_F014,fru
[128.0500 - 132.8500],Ses04M_impro05_F015,fru
[132.8700 - 134.7900],Ses04M_impro05_F016,fru
[135.6500 - 139.2448],Ses04M_impro05_F017,neu
[139.2728 - 142.6700],Ses04M_impro05_F018,fru
[143.4600 - 147.4700],Ses04M_impro05_F019,neu
[148.4300 - 151.2300],Ses04M_impro05_F020,neu
[151.2300 - 157.0200],Ses04M_impro05_F021,fru
[165.0200 - 170.6100],Ses04M_impro05_F022,fru
[171.8000 - 180.9500],Ses04M_impro05_F023,fru
[190.9700 - 194.7700],Ses04M_impro05_F024,fru
[194.7700 - 197.0600],Ses04M_impro05_F025,fru
[197.1800 - 202.9500],Ses04M_impro05_F026,fru
[203.0100 - 206.0700],Ses04M_impro05_F027,fru
[206.0900 - 210.6300],Ses04M_impro05_F028,fru
[219.8500 - 223.6121],Ses04M_impro05_F029,fru
[226.5200 - 229.0400],Ses04M_impro05_F030,fru
[229.0400 - 233.4900],Ses04M_impro05_F031,fru
[234.1700 - 238.5200],Ses04M_impro05_F032,fru
[238.5200 - 242.8400],Ses04M_impro05_F033,fru
[245.6800 - 248.3553],Ses04M_impro05_F034,fru
[251.9500 - 258.6400],Ses04M_impro05_F035,fru
[258.8600 - 261.5300],Ses04M_impro05_F036,neu
[268.4000 - 273.5100],Ses04M_impro05_F037,neu
[273.5100 - 281.4600],Ses04M_impro05_F038,fru
[290.3683 - 296.8400],Ses04M_impro05_F039,fru
[298.7400 - 300.4600],Ses04M_impro05_F040,fru
[303.5200 - 307.1400],Ses04M_impro05_F041,fru
[308.6700 - 310.4800],Ses04M_impro05_F042,fru
[4.7502 - 9.7100],Ses04M_impro05_M000,fru
[9.7300 - 12.9700],Ses04M_impro05_M001,xxx
[14.6500 - 18.9900],Ses04M_impro05_M002,fru
[19.1300 - 24.7900],Ses04M_impro05_M003,fru
[24.7900 - 33.8300],Ses04M_impro05_M004,fru
[33.8500 - 44.1400],Ses04M_impro05_M005,fru
[44.1600 - 56.1500],Ses04M_impro05_M006,fru
[56.6100 - 64.6600],Ses04M_impro05_M007,fru
[73.4100 - 75.3100],Ses04M_impro05_M008,ang
[75.3500 - 77.8400],Ses04M_impro05_M009,ang
[78.3100 - 81.4600],Ses04M_impro05_M010,ang
[81.4600 - 82.8900],Ses04M_impro05_M011,ang
[82.9200 - 91.5600],Ses04M_impro05_M012,fru
[92.1431 - 96.2016],Ses04M_impro05_M013,fru
[98.4500 - 103.8400],Ses04M_impro05_M014,ang
[104.7200 - 111.1200],Ses04M_impro05_M015,ang
[111.1763 - 112.7157],Ses04M_impro05_M016,ang
[113.6700 - 122.3600],Ses04M_impro05_M017,ang
[122.3900 - 126.6800],Ses04M_impro05_M018,ang
[126.6800 - 130.3500],Ses04M_impro05_M019,fru
[130.4000 - 137.1800],Ses04M_impro05_M020,xxx
[138.1800 - 144.9500],Ses04M_impro05_M021,fru
[147.1200 - 151.5000],Ses04M_impro05_M022,ang
[155.0400 - 165.1700],Ses04M_impro05_M023,xxx
[168.2100 - 172.3400],Ses04M_impro05_M024,fru
[179.4000 - 187.5700],Ses04M_impro05_M025,fru
[187.5900 - 191.5200],Ses04M_impro05_M026,ang
[194.6700 - 198.6700],Ses04M_impro05_M027,fru
[201.7000 - 211.5484],Ses04M_impro05_M028,fru
[211.5826 - 221.1900],Ses04M_impro05_M029,fru
[223.2483 - 229.3400],Ses04M_impro05_M030,fru
[231.2800 - 235.2000],Ses04M_impro05_M031,fru
[239.8100 - 243.3200],Ses04M_impro05_M032,fru
[243.3200 - 247.3500],Ses04M_impro05_M033,fru
[247.7955 - 250.9800],Ses04M_impro05_M034,fru
[250.9800 - 255.4400],Ses04M_impro05_M035,fru
[255.4600 - 265.6500],Ses04M_impro05_M036,fru
[265.6897 - 271.6700],Ses04M_impro05_M037,fru
[271.7100 - 273.4300],Ses04M_impro05_M038,ang
[278.4200 - 282.1500],Ses04M_impro05_M039,ang
[282.1500 - 290.9841],Ses04M_impro05_M040,fru
[294.4900 - 298.9200],Ses04M_impro05_M041,fru
[298.9500 - 303.5300],Ses04M_impro05_M042,fru
[306.6100 - 309.2200],Ses04M_impro05_M043,fru
[309.7800 - 313.2200],Ses04M_impro05_M044,ang
[313.5100 - 318.9022],Ses04M_impro05_M045,ang
[9.0835 - 12.2600],Ses04M_impro06_F000,sad
[14.6600 - 17.1300],Ses04M_impro06_F001,sad
[17.2300 - 22.5100],Ses04M_impro06_F002,sad
[44.5600 - 49.5000],Ses04M_impro06_F003,sad
[51.4800 - 56.8564],Ses04M_impro06_F004,sad
[57.3300 - 60.5700],Ses04M_impro06_F005,sad
[72.0300 - 76.6200],Ses04M_impro06_F006,sad
[80.9000 - 86.4800],Ses04M_impro06_F007,sad
[111.0200 - 118.8700],Ses04M_impro06_F008,sad
[132.7200 - 144.7998],Ses04M_impro06_F009,sad
[147.1800 - 150.3400],Ses04M_impro06_F010,sad
[160.9700 - 166.1600],Ses04M_impro06_F011,sad
[175.6800 - 190.6900],Ses04M_impro06_F012,sad
[198.8400 - 201.8100],Ses04M_impro06_F013,xxx
[220.5100 - 225.9400],Ses04M_impro06_F014,sad
[241.0200 - 246.6700],Ses04M_impro06_F015,sad
[265.5400 - 270.3748],Ses04M_impro06_F016,sad
[289.1700 - 291.1846],Ses04M_impro06_F017,sad
[304.4700 - 311.0742],Ses04M_impro06_F018,sad
[311.1200 - 319.5200],Ses04M_impro06_F019,sad
[17.0200 - 19.1226],Ses04M_impro06_M000,sad
[22.1200 - 33.7100],Ses04M_impro06_M001,sad
[34.1100 - 44.5600],Ses04M_impro06_M002,sad
[49.0336 - 50.6300],Ses04M_impro06_M003,sad
[56.5200 - 57.8700],Ses04M_impro06_M004,sad
[63.9400 - 69.0400],Ses04M_impro06_M005,sad
[91.1100 - 97.4300],Ses04M_impro06_M006,sad
[100.6700 - 105.4600],Ses04M_impro06_M007,sad
[118.6000 - 130.7100],Ses04M_impro06_M008,sad
[145.3900 - 148.1600],Ses04M_impro06_M009,sad
[150.5800 - 163.4500],Ses04M_impro06_M010,sad
[191.4800 - 198.5200],Ses04M_impro06_M011,sad
[202.1400 - 210.2100],Ses04M_impro06_M012,sad
[211.4600 - 220.3300],Ses04M_impro06_M013,sad
[235.9200 - 239.4900],Ses04M_impro06_M014,sad
[246.1300 - 252.7800],Ses04M_impro06_M015,sad
[255.5500 - 263.2500],Ses04M_impro06_M016,sad
[270.3600 - 273.1800],Ses04M_impro06_M017,sad
[281.0000 - 288.3700],Ses04M_impro06_M018,sad
[290.5400 - 300.1000],Ses04M_impro06_M019,sad
[320.6100 - 323.1300],Ses04M_impro06_M020,sad
[19.8700 - 21.3700],Ses04M_impro07_F000,sur
[21.3900 - 22.5200],Ses04M_impro07_F001,sur
[23.0500 - 24.9300],Ses04M_impro07_F002,exc
[24.9300 - 27.3100],Ses04M_impro07_F003,exc
[43.8400 - 53.0700],Ses04M_impro07_F004,exc
[58.7700 - 60.7200],Ses04M_impro07_F005,xxx
[66.8400 - 68.0100],Ses04M_impro07_F006,exc
[68.1900 - 69.2900],Ses04M_impro07_F007,exc
[69.4400 - 72.5700],Ses04M_impro07_F008,exc
[78.3200 - 81.5371],Ses04M_impro07_F009,exc
[81.5400 - 83.3100],Ses04M_impro07_F010,exc
[92.6600 - 95.3147],Ses04M_impro07_F011,hap
[98.8600 - 101.2900],Ses04M_impro07_F012,exc
[108.8400 - 111.3800],Ses04M_impro07_F013,exc
[112.0900 - 116.9200],Ses04M_impro07_F014,exc
[120.5600 - 123.9410],Ses04M_impro07_F015,exc
[126.1200 - 129.1900],Ses04M_impro07_F016,exc
[130.2500 - 132.5500],Ses04M_impro07_F017,exc
[144.6200 - 146.0500],Ses04M_impro07_F018,exc
[148.3300 - 152.5700],Ses04M_impro07_F019,xxx
[155.4500 - 159.7100],Ses04M_impro07_F020,xxx
[162.7800 - 167.7000],Ses04M_impro07_F021,xxx
[171.1000 - 173.9900],Ses04M_impro07_F022,exc
[178.4800 - 181.5500],Ses04M_impro07_F023,neu
[186.2900 - 191.5800],Ses04M_impro07_F024,xxx
[191.8400 - 198.6300],Ses04M_impro07_F025,xxx
[199.1000 - 201.6200],Ses04M_impro07_F026,neu
[202.7300 - 206.6762],Ses04M_impro07_F027,exc
[208.2000 - 210.8900],Ses04M_impro07_F028,xxx
[216.3200 - 219.3200],Ses04M_impro07_F029,xxx
[222.0900 - 224.3300],Ses04M_impro07_F030,xxx
[224.3900 - 231.0200],Ses04M_impro07_F031,xxx
[231.0400 - 234.2900],Ses04M_impro07_F032,xxx
[234.5600 - 240.0900],Ses04M_impro07_F033,xxx
[240.8300 - 241.9400],Ses04M_impro07_F034,xxx
[243.8100 - 246.2300],Ses04M_impro07_F035,xxx
[251.0000 - 252.8100],Ses04M_impro07_F036,neu
[259.6600 - 261.0800],Ses04M_impro07_F037,neu
[261.5800 - 267.4900],Ses04M_impro07_F038,xxx
[268.6353 - 272.0700],Ses04M_impro07_F039,xxx
[7.2900 - 18.9700],Ses04M_impro07_M000,exc
[18.9900 - 21.7200],Ses04M_impro07_M001,exc
[21.7700 - 23.5899],Ses04M_impro07_M002,exc
[25.3300 - 30.1000],Ses04M_impro07_M003,exc
[30.1000 - 32.5700],Ses04M_impro07_M004,exc
[32.6046 - 45.1400],Ses04M_impro07_M005,xxx
[52.6200 - 59.1918],Ses04M_impro07_M006,xxx
[60.3300 - 67.3800],Ses04M_impro07_M007,hap
[67.5300 - 68.7200],Ses04M_impro07_M008,hap
[68.9000 - 70.3300],Ses04M_impro07_M009,hap
[71.7700 - 78.3100],Ses04M_impro07_M010,hap
[78.3100 - 81.5131],Ses04M_impro07_M011,hap
[81.5200 - 87.5000],Ses04M_impro07_M012,hap
[87.5000 - 93.2800],Ses04M_impro07_M013,hap
[93.3100 - 102.2600],Ses04M_impro07_M014,exc
[102.2700 - 110.7400],Ses04M_impro07_M015,exc
[110.8600 - 112.6400],Ses04M_impro07_M016,xxx
[116.5900 - 121.0700],Ses04M_impro07_M017,xxx
[122.1200 - 126.6300],Ses04M_impro07_M018,xxx
[128.7458 - 134.2800],Ses04M_impro07_M019,xxx
[134.2800 - 139.9700],Ses04M_impro07_M020,exc
[139.9763 - 145.0800],Ses04M_impro07_M021,exc
[145.1100 - 148.8300],Ses04M_impro07_M022,xxx
[152.0900 - 157.4500],Ses04M_impro07_M023,xxx
[158.1900 - 164.7700],Ses04M_impro07_M024,xxx
[167.4159 - 171.6000],Ses04M_impro07_M025,neu
[173.1500 - 179.0100],Ses04M_impro07_M026,neu
[180.7200 - 188.4500],Ses04M_impro07_M027,xxx
[190.5800 - 192.5800],Ses04M_impro07_M028,xxx
[197.6800 - 199.6400],Ses04M_impro07_M029,neu
[200.8100 - 203.1400],Ses04M_impro07_M030,neu
[203.1600 - 206.2800],Ses04M_impro07_M031,xxx
[206.3175 - 209.6900],Ses04M_impro07_M032,neu
[210.4700 - 217.7600],Ses04M_impro07_M033,xxx
[218.6300 - 223.0600],Ses04M_impro07_M034,xxx
[223.6400 - 225.5900],Ses04M_impro07_M035,neu
[226.4400 - 231.4600],Ses04M_impro07_M036,neu
[233.9800 - 235.8200],Ses04M_impro07_M037,neu
[239.5300 - 241.2000],Ses04M_impro07_M038,xxx
[241.2300 - 244.7300],Ses04M_impro07_M039,xxx
[245.7100 - 252.1600],Ses04M_impro07_M040,neu
[252.3000 - 258.5300],Ses04M_impro07_M041,neu
[258.5600 - 262.7500],Ses04M_impro07_M042,neu
[266.2300 - 270.0900],Ses04M_impro07_M043,neu
[12.1100 - 25.2700],Ses04M_impro08_F000,fru
[27.4200 - 32.1700],Ses04M_impro08_F001,fru
[34.0959 - 39.7300],Ses04M_impro08_F002,fru
[41.6100 - 45.5300],Ses04M_impro08_F003,fru
[45.6700 - 47.5000],Ses04M_impro08_F004,xxx
[49.1100 - 51.1228],Ses04M_impro08_F005,xxx
[54.5500 - 63.8900],Ses04M_impro08_F006,fru
[63.9300 - 70.3600],Ses04M_impro08_F007,fru
[70.5300 - 75.6300],Ses04M_impro08_F008,fru
[76.4700 - 81.4900],Ses04M_impro08_F009,fru
[85.6500 - 88.5300],Ses04M_impro08_F010,fru
[93.2200 - 95.8300],Ses04M_impro08_F011,fru
[95.8300 - 100.7668],Ses04M_impro08_F012,fru
[111.1800 - 118.4000],Ses04M_impro08_F013,fru
[118.4100 - 125.2300],Ses04M_impro08_F014,fru
[125.2300 - 135.2900],Ses04M_impro08_F015,xxx
[147.6700 - 149.7900],Ses04M_impro08_F016,fru
[150.5900 - 152.8600],Ses04M_impro08_F017,fru
[157.4243 - 163.4661],Ses04M_impro08_F018,fru
[169.6000 - 170.9700],Ses04M_impro08_F019,sur
[172.4800 - 174.8600],Ses04M_impro08_F020,neu
[183.1300 - 185.3500],Ses04M_impro08_F021,sur
[185.6000 - 187.7700],Ses04M_impro08_F022,hap
[187.7800 - 192.7400],Ses04M_impro08_F023,hap
[193.1700 - 195.6600],Ses04M_impro08_F024,hap
[197.4600 - 200.5700],Ses04M_impro08_F025,sur
[209.4200 - 215.6400],Ses04M_impro08_F026,xxx
[217.2506 - 218.8700],Ses04M_impro08_F027,neu
[219.0000 - 223.2100],Ses04M_impro08_F028,neu
[223.2200 - 227.5200],Ses04M_impro08_F029,xxx
[228.2400 - 229.1073],Ses04M_impro08_F030,neu
[6.0200 - 12.6500],Ses04M_impro08_M000,fru
[25.3500 - 28.2200],Ses04M_impro08_M001,neu
[31.6032 - 34.8142],Ses04M_impro08_M002,fru
[38.0800 - 43.6400],Ses04M_impro08_M003,fru
[44.9400 - 46.1000],Ses04M_impro08_M004,neu
[46.1300 - 50.0300],Ses04M_impro08_M005,neu
[50.5313 - 55.7900],Ses04M_impro08_M006,neu
[68.9900 - 73.4300],Ses04M_impro08_M007,fru
[74.7300 - 78.0600],Ses04M_impro08_M008,neu
[80.9300 - 86.9000],Ses04M_impro08_M009,fru
[88.0300 - 93.4100],Ses04M_impro08_M010,neu
[97.6900 - 99.3800],Ses04M_impro08_M011,neu
[100.4200 - 109.0700],Ses04M_impro08_M012,neu
[109.0954 - 114.4400],Ses04M_impro08_M013,neu
[125.7300 - 128.0000],Ses04M_impro08_M014,fru
[130.8000 - 147.7700],Ses04M_impro08_M015,fru
[147.7900 - 151.0300],Ses04M_impro08_M016,fru
[152.9700 - 157.9313],Ses04M_impro08_M017,neu
[162.8746 - 169.7300],Ses04M_impro08_M018,fru
[170.5400 - 177.4600],Ses04M_impro08_M019,neu
[177.4600 - 183.7900],Ses04M_impro08_M020,neu
[184.8400 - 186.2900],Ses04M_impro08_M021,neu
[187.4800 - 188.7100],Ses04M_impro08_M022,neu
[191.5700 - 194.5300],Ses04M_impro08_M023,neu
[194.7200 - 198.3000],Ses04M_impro08_M024,neu
[199.8300 - 209.8200],Ses04M_impro08_M025,neu
[210.1800 - 214.3200],Ses04M_impro08_M026,neu
[214.3353 - 223.2800],Ses04M_impro08_M027,neu
[227.2200 - 228.5400],Ses04M_impro08_M028,neu
[8.3600 - 13.4200],Ses04M_script01_1_F000,neu
[14.1400 - 17.9500],Ses04M_script01_1_F001,xxx
[19.1300 - 20.9592],Ses04M_script01_1_F002,sur
[28.1300 - 31.3423],Ses04M_script01_1_F003,xxx
[38.9463 - 41.2236],Ses04M_script01_1_F004,xxx
[44.8300 - 48.2872],Ses04M_script01_1_F005,xxx
[51.3500 - 58.9000],Ses04M_script01_1_F006,xxx
[60.7100 - 65.5200],Ses04M_script01_1_F007,sad
[71.4600 - 73.2221],Ses04M_script01_1_F008,sur
[77.3300 - 79.9800],Ses04M_script01_1_F009,fru
[85.1700 - 87.4000],Ses04M_script01_1_F010,fru
[104.0500 - 106.2100],Ses04M_script01_1_F011,ang
[106.7200 - 109.4900],Ses04M_script01_1_F012,ang
[112.1200 - 120.3900],Ses04M_script01_1_F013,ang
[121.8400 - 129.1800],Ses04M_script01_1_F014,xxx
[132.7200 - 134.7331],Ses04M_script01_1_F015,neu
[135.7800 - 140.3300],Ses04M_script01_1_F016,xxx
[141.7500 - 144.6100],Ses04M_script01_1_F017,neu
[146.7000 - 149.7400],Ses04M_script01_1_F018,ang
[151.3089 - 154.9400],Ses04M_script01_1_F019,neu
[157.1000 - 159.3310],Ses04M_script01_1_F020,fru
[167.4800 - 171.6000],Ses04M_script01_1_F021,ang
[172.1200 - 176.8251],Ses04M_script01_1_F022,ang
[176.9217 - 183.3008],Ses04M_script01_1_F023,fru
[183.3700 - 185.8621],Ses04M_script01_1_F024,fru
[195.2400 - 198.6000],Ses04M_script01_1_F025,xxx
[198.9000 - 201.5680],Ses04M_script01_1_F026,xxx
[203.0900 - 208.0920],Ses04M_script01_1_F027,neu
[218.9100 - 222.0700],Ses04M_script01_1_F028,neu
[223.1500 - 225.7400],Ses04M_script01_1_F029,ang
[226.5200 - 240.3800],Ses04M_script01_1_F030,xxx
[243.3600 - 244.9800],Ses04M_script01_1_F031,fru
[249.4700 - 252.1500],Ses04M_script01_1_F032,neu
[252.9400 - 255.1616],Ses04M_script01_1_F033,neu
[272.6600 - 274.7000],Ses04M_script01_1_F034,ang
[281.7300 - 283.8190],Ses04M_script01_1_F035,ang
[286.6000 - 289.5900],Ses04M_script01_1_F036,ang
[291.2400 - 293.3300],Ses04M_script01_1_F037,ang
[309.5768 - 314.9893],Ses04M_script01_1_F038,xxx
[316.6807 - 319.8702],Ses04M_script01_1_F039,ang
[321.7800 - 331.0700],Ses04M_script01_1_F040,ang
[333.1700 - 335.7500],Ses04M_script01_1_F041,ang
[337.1300 - 339.7100],Ses04M_script01_1_F042,xxx
[342.3902 - 344.8065],Ses04M_script01_1_F043,xxx
[12.6200 - 14.9500],Ses04M_script01_1_M000,neu
[17.4500 - 19.4152],Ses04M_script01_1_M001,neu
[20.4400 - 28.7500],Ses04M_script01_1_M002,xxx
[30.9949 - 39.6025],Ses04M_script01_1_M003,xxx
[40.8200 - 45.4500],Ses04M_script01_1_M004,xxx
[47.9000 - 51.6100],Ses04M_script01_1_M005,xxx
[58.5545 - 61.1021],Ses04M_script01_1_M006,xxx
[64.7000 - 72.0641],Ses04M_script01_1_M007,fru
[72.5600 - 78.0400],Ses04M_script01_1_M008,xxx
[79.4000 - 85.5200],Ses04M_script01_1_M009,xxx
[86.6900 - 92.1000],Ses04M_script01_1_M010,fru
[92.8400 - 98.1500],Ses04M_script01_1_M011,xxx
[98.4700 - 105.1400],Ses04M_script01_1_M012,xxx
[105.1900 - 106.9187],Ses04M_script01_1_M013,ang
[108.7300 - 113.0300],Ses04M_script01_1_M014,ang
[119.8700 - 122.3400],Ses04M_script01_1_M015,xxx
[127.6600 - 133.5100],Ses04M_script01_1_M016,fru
[134.1600 - 136.2800],Ses04M_script01_1_M017,fru
[139.6800 - 142.1800],Ses04M_script01_1_M018,neu
[144.0800 - 147.0300],Ses04M_script01_1_M019,fru
[149.2700 - 151.6800],Ses04M_script01_1_M020,xxx
[153.7600 - 157.4947],Ses04M_script01_1_M021,ang
[158.9800 - 168.5000],Ses04M_script01_1_M022,ang
[170.2500 - 172.6000],Ses04M_script01_1_M023,fru
[185.4754 - 195.6700],Ses04M_script01_1_M024,fru
[197.3400 - 199.2484],Ses04M_script01_1_M025,fru
[201.1331 - 203.9000],Ses04M_script01_1_M026,neu
[207.3672 - 219.4500],Ses04M_script01_1_M027,xxx
[221.3100 - 224.0000],Ses04M_script01_1_M028,xxx
[225.2800 - 227.1600],Ses04M_script01_1_M029,fru
[241.5700 - 243.8700],Ses04M_script01_1_M030,fru
[246.6500 - 249.7974],Ses04M_script01_1_M031,neu
[251.6900 - 253.4800],Ses04M_script01_1_M032,neu
[255.1616 - 260.9500],Ses04M_script01_1_M033,fru
[261.1541 - 273.2000],Ses04M_script01_1_M034,sad
[274.3200 - 282.0700],Ses04M_script01_1_M035,xxx
[283.3357 - 287.4800],Ses04M_script01_1_M036,fru
[288.1400 - 291.9500],Ses04M_script01_1_M037,ang
[292.2700 - 299.9599],Ses04M_script01_1_M038,ang
[300.0566 - 309.8184],Ses04M_script01_1_M039,xxx
[314.4800 - 317.3400],Ses04M_script01_1_M040,neu
[319.3000 - 322.1899],Ses04M_script01_1_M041,neu
[330.0500 - 333.7300],Ses04M_script01_1_M042,fru
[335.2100 - 337.6059],Ses04M_script01_1_M043,xxx
[339.0800 - 342.8600],Ses04M_script01_1_M044,fru
[5.6500 - 9.0000],Ses04M_script01_2_F000,ang
[10.8600 - 12.7900],Ses04M_script01_2_F001,neu
[13.8201 - 17.6200],Ses04M_script01_2_F002,ang
[19.0400 - 22.9100],Ses04M_script01_2_F003,ang
[33.8200 - 36.6600],Ses04M_script01_2_F004,ang
[37.7200 - 40.1382],Ses04M_script01_2_F005,ang
[42.4333 - 45.3500],Ses04M_script01_2_F006,ang
[47.7300 - 51.0200],Ses04M_script01_2_F007,neu
[51.9627 - 55.6700],Ses04M_script01_2_F008,ang
[57.2900 - 64.9800],Ses04M_script01_2_F009,ang
[65.8300 - 73.8404],Ses04M_script01_2_F010,ang
[75.4000 - 81.8600],Ses04M_script01_2_F011,ang
[83.6300 - 92.5500],Ses04M_script01_2_F012,ang
[93.5228 - 96.8656],Ses04M_script01_2_F013,ang
[96.8905 - 102.3537],Ses04M_script01_2_F014,ang
[102.3815 - 110.5000],Ses04M_script01_2_F015,ang
[111.0400 - 114.6900],Ses04M_script01_2_F016,ang
[114.9500 - 118.9400],Ses04M_script01_2_F017,xxx
[120.3600 - 123.2800],Ses04M_script01_2_F018,ang
[123.8100 - 125.9200],Ses04M_script01_2_F019,xxx
[129.9900 - 131.8900],Ses04M_script01_2_F020,sad
[8.6133 - 11.4600],Ses04M_script01_2_M000,neu
[12.0900 - 14.5186],Ses04M_script01_2_M001,xxx
[16.2300 - 19.5400],Ses04M_script01_2_M002,xxx
[22.0200 - 29.7357],Ses04M_script01_2_M003,fru
[29.8106 - 34.6900],Ses04M_script01_2_M004,xxx
[35.9600 - 38.4000],Ses04M_script01_2_M005,neu
[40.0135 - 42.8574],Ses04M_script01_2_M006,neu
[46.9000 - 48.0500],Ses04M_script01_2_M007,neu
[50.5100 - 52.2620],Ses04M_script01_2_M008,xxx
[55.2200 - 57.7400],Ses04M_script01_2_M009,xxx
[64.4400 - 66.2900],Ses04M_script01_2_M010,xxx
[73.3600 - 76.3600],Ses04M_script01_2_M011,fru
[81.5200 - 84.1700],Ses04M_script01_2_M012,fru
[92.0700 - 94.1100],Ses04M_script01_2_M013,fru
[110.0300 - 111.6000],Ses04M_script01_2_M014,fru
[113.6300 - 115.5000],Ses04M_script01_2_M015,fru
[118.4400 - 120.8900],Ses04M_script01_2_M016,fru
[122.5500 - 124.4700],Ses04M_script01_2_M017,fru
[124.6100 - 130.3200],Ses04M_script01_2_M018,xxx
[132.4100 - 138.2511],Ses04M_script01_2_M019,ang
[5.8600 - 9.9000],Ses04M_script01_3_F000,xxx
[11.6500 - 19.3900],Ses04M_script01_3_F001,xxx
[22.2800 - 27.3097],Ses04M_script01_3_F002,xxx
[28.0600 - 31.4100],Ses04M_script01_3_F003,xxx
[31.5900 - 35.7127],Ses04M_script01_3_F004,xxx
[35.9400 - 39.2000],Ses04M_script01_3_F005,xxx
[47.3500 - 50.5500],Ses04M_script01_3_F006,xxx
[51.1500 - 54.5500],Ses04M_script01_3_F007,xxx
[62.5700 - 64.9000],Ses04M_script01_3_F008,xxx
[100.8300 - 104.0800],Ses04M_script01_3_F009,xxx
[106.0128 - 108.9400],Ses04M_script01_3_F010,xxx
[109.4900 - 111.7600],Ses04M_script01_3_F011,xxx
[112.8300 - 114.4500],Ses04M_script01_3_F012,hap
[115.3600 - 123.4100],Ses04M_script01_3_F013,hap
[133.3100 - 141.3504],Ses04M_script01_3_F014,hap
[144.3600 - 147.4800],Ses04M_script01_3_F015,xxx
[148.3100 - 155.5700],Ses04M_script01_3_F016,xxx
[161.6800 - 164.3800],Ses04M_script01_3_F017,xxx
[165.9592 - 170.2400],Ses04M_script01_3_F018,xxx
[174.5873 - 177.2600],Ses04M_script01_3_F019,xxx
[181.0700 - 184.1000],Ses04M_script01_3_F020,xxx
[193.3439 - 195.3697],Ses04M_script01_3_F021,xxx
[198.5208 - 201.2968],Ses04M_script01_3_F022,sad
[203.1725 - 205.4100],Ses04M_script01_3_F023,sad
[321.8500 - 324.4600],Ses04M_script01_3_F024,xxx
[325.9162 - 333.1938],Ses04M_script01_3_F025,xxx
[333.3300 - 341.6200],Ses04M_script01_3_F026,xxx
[344.2400 - 346.8002],Ses04M_script01_3_F027,hap
[9.3800 - 12.2100],Ses04M_script01_3_M000,xxx
[19.4319 - 22.7300],Ses04M_script01_3_M001,xxx
[26.9600 - 28.5800],Ses04M_script01_3_M002,xxx
[35.1500 - 36.3500],Ses04M_script01_3_M003,xxx
[39.4900 - 47.6900],Ses04M_script01_3_M004,xxx
[50.0600 - 51.6900],Ses04M_script01_3_M005,xxx
[54.6200 - 58.7300],Ses04M_script01_3_M006,xxx
[59.8300 - 63.2000],Ses04M_script01_3_M007,xxx
[64.5400 - 72.8300],Ses04M_script01_3_M008,xxx
[73.2000 - 82.0042],Ses04M_script01_3_M009,xxx
[82.0793 - 90.7073],Ses04M_script01_3_M010,xxx
[90.8642 - 101.3500],Ses04M_script01_3_M011,xxx
[103.1400 - 106.6500],Ses04M_script01_3_M012,xxx
[108.4100 - 110.0800],Ses04M_script01_3_M013,xxx
[111.2000 - 113.1200],Ses04M_script01_3_M014,xxx
[113.9900 - 115.8100],Ses04M_script01_3_M015,xxx
[122.8600 - 126.1400],Ses04M_script01_3_M016,xxx
[127.5500 - 133.9000],Ses04M_script01_3_M017,xxx
[141.0503 - 145.2518],Ses04M_script01_3_M018,xxx
[146.9500 - 148.8300],Ses04M_script01_3_M019,xxx
[158.1000 - 162.2900],Ses04M_script01_3_M020,xxx
[164.0000 - 166.5100],Ses04M_script01_3_M021,xxx
[169.8100 - 174.8874],Ses04M_script01_3_M022,sad
[178.5700 - 181.6000],Ses04M_script01_3_M023,sad
[184.3400 - 193.6441],Ses04M_script01_3_M024,sad
[194.8445 - 198.8959],Ses04M_script01_3_M025,sad
[200.7716 - 203.2475],Ses04M_script01_3_M026,sad
[206.7200 - 212.4758],Ses04M_script01_3_M027,sad
[212.5508 - 227.3600],Ses04M_script01_3_M028,sad
[227.4800 - 236.6300],Ses04M_script01_3_M029,xxx
[239.0500 - 250.9300],Ses04M_script01_3_M030,sad
[250.9900 - 262.5800],Ses04M_script01_3_M031,sad
[262.9300 - 279.6400],Ses04M_script01_3_M032,sad
[279.7700 - 290.2700],Ses04M_script01_3_M033,sad
[291.0600 - 305.6300],Ses04M_script01_3_M034,sad
[306.5600 - 321.9100],Ses04M_script01_3_M035,sad
[324.0000 - 326.2800],Ses04M_script01_3_M036,xxx
[341.0400 - 344.6000],Ses04M_script01_3_M037,hap
[21.1400 - 22.9100],Ses04M_script02_1_F000,neu
[43.1400 - 44.6000],Ses04M_script02_1_F001,xxx
[46.6500 - 48.5800],Ses04M_script02_1_F002,ang
[49.5200 - 52.2700],Ses04M_script02_1_F003,ang
[52.8900 - 58.0000],Ses04M_script02_1_F004,ang
[72.6800 - 74.0500],Ses04M_script02_1_F005,ang
[105.9200 - 107.5000],Ses04M_script02_1_F006,xxx
[108.1900 - 110.4921],Ses04M_script02_1_F007,ang
[115.2100 - 117.3800],Ses04M_script02_1_F008,ang
[117.5100 - 118.9223],Ses04M_script02_1_F009,fru
[120.0700 - 121.8587],Ses04M_script02_1_F010,ang
[129.0100 - 131.7097],Ses04M_script02_1_F011,fru
[132.7516 - 135.5500],Ses04M_script02_1_F012,ang
[149.0700 - 156.2800],Ses04M_script02_1_F013,ang
[176.8200 - 179.0200],Ses04M_script02_1_F014,neu
[179.0500 - 183.7200],Ses04M_script02_1_F015,fru
[200.8100 - 203.1767],Ses04M_script02_1_F016,fru
[204.0766 - 205.5448],Ses04M_script02_1_F017,ang
[218.7400 - 228.8935],Ses04M_script02_1_F018,ang
[230.9900 - 233.9600],Ses04M_script02_1_F019,fru
[309.3591 - 311.8692],Ses04M_script02_1_F020,fru
[313.7000 - 315.4500],Ses04M_script02_1_F021,fru
[6.7900 - 15.2400],Ses04M_script02_1_M000,xxx
[15.2900 - 21.5900],Ses04M_script02_1_M001,exc
[22.8751 - 34.9200],Ses04M_script02_1_M002,exc
[35.1100 - 43.5700],Ses04M_script02_1_M003,exc
[44.2500 - 47.1400],Ses04M_script02_1_M004,xxx
[48.3551 - 50.0000],Ses04M_script02_1_M005,neu
[51.8400 - 53.3280],Ses04M_script02_1_M006,fru
[56.9600 - 68.4600],Ses04M_script02_1_M007,xxx
[68.7200 - 73.4000],Ses04M_script02_1_M008,exc
[73.7877 - 82.3600],Ses04M_script02_1_M009,neu
[82.6482 - 99.1256],Ses04M_script02_1_M010,xxx
[101.1500 - 106.5500],Ses04M_script02_1_M011,xxx
[106.8300 - 108.6900],Ses04M_script02_1_M012,neu
[110.2000 - 115.5000],Ses04M_script02_1_M013,fru
[117.1100 - 118.0100],Ses04M_script02_1_M014,neu
[118.5500 - 120.8200],Ses04M_script02_1_M015,neu
[121.6219 - 129.4000],Ses04M_script02_1_M016,fru
[130.9519 - 133.2200],Ses04M_script02_1_M017,xxx
[135.3091 - 149.4000],Ses04M_script02_1_M018,exc
[155.7300 - 167.0880],Ses04M_script02_1_M019,fru
[167.6000 - 170.9900],Ses04M_script02_1_M020,exc
[173.0554 - 177.2232],Ses04M_script02_1_M021,exc
[183.1200 - 193.3300],Ses04M_script02_1_M022,exc
[193.3900 - 201.3200],Ses04M_script02_1_M023,exc
[202.4663 - 204.3134],Ses04M_script02_1_M024,sur
[205.8300 - 219.1500],Ses04M_script02_1_M025,xxx
[228.4199 - 231.5300],Ses04M_script02_1_M026,xxx
[233.5100 - 244.1910],Ses04M_script02_1_M027,xxx
[244.3200 - 258.6359],Ses04M_script02_1_M028,exc
[258.7307 - 271.7548],Ses04M_script02_1_M029,exc
[271.7969 - 281.7952],Ses04M_script02_1_M030,exc
[281.8500 - 291.4900],Ses04M_script02_1_M031,exc
[291.5700 - 309.6906],Ses04M_script02_1_M032,exc
[311.3956 - 314.0951],Ses04M_script02_1_M033,exc
[5.9327 - 9.3542],Ses04M_script02_2_F000,neu
[10.7400 - 13.1800],Ses04M_script02_2_F001,xxx
[13.7800 - 15.6600],Ses04M_script02_2_F002,xxx
[18.5900 - 25.9100],Ses04M_script02_2_F003,xxx
[27.9100 - 41.0100],Ses04M_script02_2_F004,xxx
[41.9500 - 45.1100],Ses04M_script02_2_F005,xxx
[51.7000 - 58.1800],Ses04M_script02_2_F006,ang
[58.7600 - 63.1633],Ses04M_script02_2_F007,ang
[71.9000 - 74.9100],Ses04M_script02_2_F008,xxx
[75.2900 - 78.7091],Ses04M_script02_2_F009,ang
[83.6400 - 87.2900],Ses04M_script02_2_F010,fru
[87.9700 - 102.9410],Ses04M_script02_2_F011,xxx
[104.1200 - 106.4300],Ses04M_script02_2_F012,fru
[107.0200 - 114.8100],Ses04M_script02_2_F013,ang
[117.1200 - 119.6500],Ses04M_script02_2_F014,xxx
[143.4900 - 146.2300],Ses04M_script02_2_F015,xxx
[146.8614 - 161.1154],Ses04M_script02_2_F016,sad
[161.1600 - 178.8884],Ses04M_script02_2_F017,xxx
[179.8200 - 184.0200],Ses04M_script02_2_F018,sad
[195.6200 - 200.9500],Ses04M_script02_2_F019,sad
[206.0600 - 208.2600],Ses04M_script02_2_F020,sad
[210.0500 - 212.3855],Ses04M_script02_2_F021,sad
[214.9800 - 216.5281],Ses04M_script02_2_F022,fru
[217.4000 - 218.6300],Ses04M_script02_2_F023,fru
[219.3400 - 220.7152],Ses04M_script02_2_F024,fru
[221.4700 - 222.8600],Ses04M_script02_2_F025,ang
[230.0100 - 233.0800],Ses04M_script02_2_F026,ang
[259.9600 - 263.4200],Ses04M_script02_2_F027,ang
[263.4500 - 267.8200],Ses04M_script02_2_F028,ang
[268.0800 - 271.7300],Ses04M_script02_2_F029,ang
[272.1600 - 282.2500],Ses04M_script02_2_F030,xxx
[283.2800 - 296.7700],Ses04M_script02_2_F031,fru
[298.7400 - 300.4934],Ses04M_script02_2_F032,sad
[303.5669 - 309.0400],Ses04M_script02_2_F033,xxx
[309.8476 - 320.6718],Ses04M_script02_2_F034,xxx
[324.2900 - 329.9900],Ses04M_script02_2_F035,hap
[335.7722 - 346.1000],Ses04M_script02_2_F036,hap
[352.9662 - 354.3916],Ses04M_script02_2_F037,xxx
[8.9929 - 11.2696],Ses04M_script02_2_M000,neu
[12.3600 - 14.2500],Ses04M_script02_2_M001,neu
[15.2000 - 19.0900],Ses04M_script02_2_M002,fru
[25.2600 - 28.3500],Ses04M_script02_2_M003,xxx
[40.0900 - 42.3300],Ses04M_script02_2_M004,xxx
[45.1230 - 52.1400],Ses04M_script02_2_M005,fru
[57.5300 - 59.2600],Ses04M_script02_2_M006,ang
[62.6100 - 72.2600],Ses04M_script02_2_M007,ang
[74.4400 - 75.6000],Ses04M_script02_2_M008,xxx
[78.2637 - 81.3600],Ses04M_script02_2_M009,xxx
[81.8272 - 84.1200],Ses04M_script02_2_M010,xxx
[86.6900 - 88.7200],Ses04M_script02_2_M011,fru
[102.4500 - 104.7300],Ses04M_script02_2_M012,xxx
[105.8000 - 107.4600],Ses04M_script02_2_M013,fru
[113.9700 - 117.9500],Ses04M_script02_2_M014,fru
[119.1700 - 124.5500],Ses04M_script02_2_M015,fru
[124.6300 - 137.2200],Ses04M_script02_2_M016,fru
[137.2423 - 141.2000],Ses04M_script02_2_M017,fru
[141.2000 - 144.8084],Ses04M_script02_2_M018,fru
[145.4700 - 147.1286],Ses04M_script02_2_M019,fru
[178.4430 - 180.8000],Ses04M_script02_2_M020,neu
[183.1800 - 196.1800],Ses04M_script02_2_M021,neu
[200.0200 - 206.6400],Ses04M_script02_2_M022,xxx
[207.4900 - 210.6400],Ses04M_script02_2_M023,xxx
[212.3800 - 215.3100],Ses04M_script02_2_M024,fru
[215.8200 - 218.0600],Ses04M_script02_2_M025,fru
[218.2300 - 220.0300],Ses04M_script02_2_M026,fru
[220.3500 - 221.8700],Ses04M_script02_2_M027,fru
[222.3800 - 230.7700],Ses04M_script02_2_M028,xxx
[232.1900 - 243.7403],Ses04M_script02_2_M029,ang
[243.7600 - 252.3900],Ses04M_script02_2_M030,xxx
[252.4100 - 260.3500],Ses04M_script02_2_M031,ang
[262.6200 - 264.2600],Ses04M_script02_2_M032,fru
[267.3100 - 268.5800],Ses04M_script02_2_M033,fru
[271.0000 - 272.9500],Ses04M_script02_2_M034,ang
[281.4400 - 283.7200],Ses04M_script02_2_M035,fru
[296.3508 - 299.0600],Ses04M_script02_2_M036,xxx
[300.1816 - 304.1460],Ses04M_script02_2_M037,sad
[308.3331 - 310.3000],Ses04M_script02_2_M038,sur
[320.0036 - 324.8300],Ses04M_script02_2_M039,hap
[329.5100 - 336.3000],Ses04M_script02_2_M040,hap
[346.6600 - 353.3225],Ses04M_script02_2_M041,hap
[354.1688 - 355.6388],Ses04M_script02_2_M042,xxx
[8.8800 - 10.2100],Ses04M_script03_1_F000,xxx
[10.5800 - 13.5400],Ses04M_script03_1_F001,fea
[14.2900 - 16.2800],Ses04M_script03_1_F002,fea
[18.5500 - 21.4700],Ses04M_script03_1_F003,xxx
[22.3900 - 25.2600],Ses04M_script03_1_F004,xxx
[28.5700 - 31.8200],Ses04M_script03_1_F005,exc
[33.5400 - 35.3900],Ses04M_script03_1_F006,exc
[37.1200 - 40.0400],Ses04M_script03_1_F007,exc
[43.7500 - 47.0000],Ses04M_script03_1_F008,exc
[47.9500 - 50.9500],Ses04M_script03_1_F009,exc
[53.6700 - 56.3700],Ses04M_script03_1_F010,xxx
[63.8200 - 66.9514],Ses04M_script03_1_F011,xxx
[69.4200 - 70.7400],Ses04M_script03_1_F012,exc
[83.8900 - 87.4200],Ses04M_script03_1_F013,neu
[90.2854 - 95.4400],Ses04M_script03_1_F014,exc
[96.9400 - 100.1596],Ses04M_script03_1_F015,exc
[102.7400 - 105.4400],Ses04M_script03_1_F016,xxx
[107.4900 - 111.3400],Ses04M_script03_1_F017,exc
[113.0000 - 115.2800],Ses04M_script03_1_F018,exc
[121.5800 - 124.4200],Ses04M_script03_1_F019,xxx
[147.0951 - 149.5837],Ses04M_script03_1_F020,xxx
[162.9098 - 171.5798],Ses04M_script03_1_F021,exc
[173.6400 - 175.6100],Ses04M_script03_1_F022,exc
[178.7000 - 183.8000],Ses04M_script03_1_F023,exc
[184.5400 - 190.1500],Ses04M_script03_1_F024,exc
[191.0600 - 193.6000],Ses04M_script03_1_F025,exc
[197.5300 - 201.5200],Ses04M_script03_1_F026,exc
[204.9900 - 207.7500],Ses04M_script03_1_F027,exc
[208.6000 - 215.2300],Ses04M_script03_1_F028,exc
[218.3100 - 222.6500],Ses04M_script03_1_F029,exc
[225.0800 - 227.4261],Ses04M_script03_1_F030,exc
[7.4200 - 9.3200],Ses04M_script03_1_M000,fea
[9.8600 - 10.9100],Ses04M_script03_1_M001,fea
[13.1500 - 14.6900],Ses04M_script03_1_M002,fea
[15.7076 - 19.1500],Ses04M_script03_1_M003,neu
[20.7000 - 22.8700],Ses04M_script03_1_M004,exc
[24.4900 - 28.9700],Ses04M_script03_1_M005,xxx
[31.2700 - 34.0200],Ses04M_script03_1_M006,exc
[34.9700 - 37.4500],Ses04M_script03_1_M007,exc
[39.5600 - 44.2200],Ses04M_script03_1_M008,xxx
[46.5600 - 48.4600],Ses04M_script03_1_M009,xxx
[50.4300 - 54.1000],Ses04M_script03_1_M010,neu
[56.5800 - 64.4400],Ses04M_script03_1_M011,xxx
[66.5500 - 69.8300],Ses04M_script03_1_M012,neu
[70.2600 - 84.4500],Ses04M_script03_1_M013,ang
[86.9200 - 90.8600],Ses04M_script03_1_M014,xxx
[94.9400 - 97.3231],Ses04M_script03_1_M015,xxx
[99.5976 - 103.1100],Ses04M_script03_1_M016,sad
[104.9227 - 108.2200],Ses04M_script03_1_M017,xxx
[110.8700 - 113.5200],Ses04M_script03_1_M018,xxx
[114.8100 - 122.2200],Ses04M_script03_1_M019,xxx
[123.4600 - 139.1477],Ses04M_script03_1_M020,xxx
[139.1744 - 147.1219],Ses04M_script03_1_M021,exc
[148.8345 - 163.6300],Ses04M_script03_1_M022,xxx
[170.7770 - 173.9700],Ses04M_script03_1_M023,xxx
[175.0400 - 179.3500],Ses04M_script03_1_M024,xxx
[183.3000 - 185.2100],Ses04M_script03_1_M025,ang
[189.5600 - 191.5400],Ses04M_script03_1_M026,xxx
[193.1000 - 198.2100],Ses04M_script03_1_M027,xxx
[201.3627 - 203.3400],Ses04M_script03_1_M028,neu
[203.4000 - 205.5000],Ses04M_script03_1_M029,exc
[207.1000 - 209.2300],Ses04M_script03_1_M030,xxx
[214.7000 - 219.0500],Ses04M_script03_1_M031,xxx
[222.0700 - 225.3700],Ses04M_script03_1_M032,xxx
[226.9000 - 231.7100],Ses04M_script03_1_M033,neu
[12.1431 - 14.7400],Ses04M_script03_2_F000,ang
[15.7500 - 22.0670],Ses04M_script03_2_F001,hap
[23.3800 - 27.2300],Ses04M_script03_2_F002,hap
[27.6500 - 29.8900],Ses04M_script03_2_F003,hap
[32.2100 - 34.1800],Ses04M_script03_2_F004,xxx
[36.4700 - 39.2000],Ses04M_script03_2_F005,xxx
[42.2600 - 46.6700],Ses04M_script03_2_F006,exc
[48.4700 - 52.4000],Ses04M_script03_2_F007,xxx
[54.7400 - 58.5600],Ses04M_script03_2_F008,hap
[61.0100 - 62.0400],Ses04M_script03_2_F009,neu
[63.3200 - 65.0737],Ses04M_script03_2_F010,ang
[65.9900 - 70.1800],Ses04M_script03_2_F011,xxx
[70.8900 - 74.8193],Ses04M_script03_2_F012,fru
[75.9200 - 78.7400],Ses04M_script03_2_F013,fru
[82.0300 - 83.9324],Ses04M_script03_2_F014,ang
[85.6900 - 90.0800],Ses04M_script03_2_F015,fru
[93.4600 - 98.2300],Ses04M_script03_2_F016,fru
[104.0500 - 107.0655],Ses04M_script03_2_F017,ang
[110.5500 - 112.4300],Ses04M_script03_2_F018,fru
[112.8600 - 114.4688],Ses04M_script03_2_F019,ang
[119.9800 - 123.1400],Ses04M_script03_2_F020,fru
[125.5700 - 130.6300],Ses04M_script03_2_F021,xxx
[131.5700 - 133.2200],Ses04M_script03_2_F022,ang
[133.3400 - 135.6700],Ses04M_script03_2_F023,ang
[139.7800 - 141.2266],Ses04M_script03_2_F024,neu
[144.5600 - 148.4800],Ses04M_script03_2_F025,fru
[154.8700 - 157.4400],Ses04M_script03_2_F026,ang
[160.7200 - 162.2000],Ses04M_script03_2_F027,fru
[162.2600 - 168.5300],Ses04M_script03_2_F028,ang
[171.2500 - 173.8490],Ses04M_script03_2_F029,ang
[175.8400 - 178.6900],Ses04M_script03_2_F030,ang
[191.1500 - 195.1600],Ses04M_script03_2_F031,ang
[196.0100 - 197.9500],Ses04M_script03_2_F032,ang
[206.7100 - 212.1477],Ses04M_script03_2_F033,ang
[216.7000 - 218.6600],Ses04M_script03_2_F034,ang
[224.9200 - 228.2900],Ses04M_script03_2_F035,ang
[232.7500 - 235.0415],Ses04M_script03_2_F036,ang
[238.1200 - 242.2000],Ses04M_script03_2_F037,ang
[243.9000 - 246.6200],Ses04M_script03_2_F038,xxx
[249.3600 - 252.1562],Ses04M_script03_2_F039,ang
[253.2700 - 257.2500],Ses04M_script03_2_F040,ang
[258.7100 - 261.9019],Ses04M_script03_2_F041,ang
[263.2500 - 268.4503],Ses04M_script03_2_F042,ang
[269.1200 - 270.9465],Ses04M_script03_2_F043,neu
[271.8356 - 276.5700],Ses04M_script03_2_F044,ang
[278.3300 - 279.0900],Ses04M_script03_2_F045,ang
[279.1200 - 284.3000],Ses04M_script03_2_F046,ang
[284.3300 - 288.1800],Ses04M_script03_2_F047,ang
[288.3800 - 289.7500],Ses04M_script03_2_F048,ang
[289.7700 - 295.2100],Ses04M_script03_2_F049,ang
[295.2200 - 296.7200],Ses04M_script03_2_F050,ang
[296.7300 - 300.7900],Ses04M_script03_2_F051,ang
[300.8200 - 302.3500],Ses04M_script03_2_F052,ang
[9.3100 - 12.2248],Ses04M_script03_2_M000,xxx
[14.1200 - 16.1700],Ses04M_script03_2_M001,neu
[21.6000 - 24.4400],Ses04M_script03_2_M002,xxx
[26.4600 - 28.1100],Ses04M_script03_2_M003,xxx
[29.3700 - 32.6400],Ses04M_script03_2_M004,fru
[33.8200 - 36.9700],Ses04M_script03_2_M005,fru
[38.7000 - 42.9000],Ses04M_script03_2_M006,xxx
[46.0700 - 49.2300],Ses04M_script03_2_M007,fru
[51.9000 - 55.1700],Ses04M_script03_2_M008,ang
[60.0200 - 61.2951],Ses04M_script03_2_M009,neu
[61.7300 - 63.8900],Ses04M_script03_2_M010,ang
[64.3898 - 66.4700],Ses04M_script03_2_M011,ang
[69.5800 - 71.4100],Ses04M_script03_2_M012,ang
[74.3577 - 77.1000],Ses04M_script03_2_M013,ang
[77.7500 - 80.5642],Ses04M_script03_2_M014,ang
[80.6325 - 82.7400],Ses04M_script03_2_M015,xxx
[83.4879 - 86.1900],Ses04M_script03_2_M016,fru
[89.8400 - 93.8900],Ses04M_script03_2_M017,fru
[97.6600 - 104.6000],Ses04M_script03_2_M018,fru
[106.2600 - 111.3400],Ses04M_script03_2_M019,fru
[112.0200 - 113.6200],Ses04M_script03_2_M020,ang
[113.9046 - 116.1400],Ses04M_script03_2_M021,ang
[117.8100 - 120.4200],Ses04M_script03_2_M022,ang
[122.2600 - 126.0800],Ses04M_script03_2_M023,fru
[129.8400 - 132.5500],Ses04M_script03_2_M024,ang
[132.5900 - 133.9300],Ses04M_script03_2_M025,ang
[136.4393 - 138.0200],Ses04M_script03_2_M026,neu
[140.9300 - 145.0800],Ses04M_script03_2_M027,ang
[149.6400 - 151.7900],Ses04M_script03_2_M028,neu
[151.8300 - 155.3600],Ses04M_script03_2_M029,ang
[157.0300 - 161.4300],Ses04M_script03_2_M030,ang
[161.4900 - 162.7500],Ses04M_script03_2_M031,ang
[168.5500 - 171.5500],Ses04M_script03_2_M032,xxx
[173.4400 - 176.8300],Ses04M_script03_2_M033,ang
[180.0400 - 184.2000],Ses04M_script03_2_M034,ang
[186.0500 - 191.6300],Ses04M_script03_2_M035,ang
[194.7300 - 196.5300],Ses04M_script03_2_M036,ang
[197.3600 - 207.1039],Ses04M_script03_2_M037,fru
[211.5664 - 217.0300],Ses04M_script03_2_M038,ang
[219.9400 - 225.6900],Ses04M_script03_2_M039,xxx
[227.3600 - 229.9600],Ses04M_script03_2_M040,ang
[230.5277 - 233.2400],Ses04M_script03_2_M041,ang
[234.3918 - 238.4600],Ses04M_script03_2_M042,xxx
[241.6583 - 244.7400],Ses04M_script03_2_M043,ang
[246.7300 - 249.9500],Ses04M_script03_2_M044,xxx
[251.7117 - 253.7400],Ses04M_script03_2_M045,xxx
[256.9100 - 259.1100],Ses04M_script03_2_M046,ang
[261.3000 - 263.5400],Ses04M_script03_2_M047,ang
[270.8098 - 272.0237],Ses04M_script03_2_M048,ang
[276.1400 - 278.8000],Ses04M_script03_2_M049,ang
[278.8400 - 284.0400],Ses04M_script03_2_M050,ang
[287.3800 - 289.1600],Ses04M_script03_2_M051,ang
[289.2700 - 290.3500],Ses04M_script03_2_M052,ang
[291.1500 - 293.0500],Ses04M_script03_2_M053,ang
[293.0800 - 295.4300],Ses04M_script03_2_M054,ang
[295.6698 - 300.3600],Ses04M_script03_2_M055,ang
[300.3900 - 302.3100],Ses04M_script03_2_M056,ang
